F1,F2,F3,F4,F5,F6,F7,F8,F9,F10,Class
AA,BA,CA,DA,EA,FA,GA,HA,IA,JA,A
AB,BB,CB,DB,EB,FB,GB,HB,IA,JB,A
AC,BC,CC,DC,EB,FA,GC,HC,IB,JB,A
AD,BB,CB,DD,EC,FC,GB,HA,IA,JC,A
AB,BB,CB,DB,EB,FD,GB,HD,IC,JA,F
AB,BA,CB,DC,EB,FC,GD,HE,IB,JC,A
AA,BA,CB,DC,EB,FE,GA,HE,IB,JD,A
AE,BD,CB,DA,EE,FC,GD,HA,IE,JC,X
AA,BA,CC,DB,ED,FE,GE,HB,IE,JA,I
AB,BB,CC,DC,EB,FE,GD,HE,IC,JD,G
AC,BE,CD,DD,EB,FC,GC,HE,ID,JC,F
AE,BE,CA,DB,EB,FB,GB,HC,ID,JE,D
AE,BC,CE,DE,EA,FD,GD,HA,IE,JA,E
AA,BB,CC,DD,EB,FD,GA,HE,IB,JA,A
AA,BA,CE,DC,EB,FB,GB,HC,IB,JB,F
AA,BB,CB,DB,EB,FE,GA,HA,IA,JD,G
AA,BA,CC,DC,ED,FE,GE,HA,IE,JD,I
AC,BC,CC,DB,EB,FB,GD,HC,IB,JE,G
AA,BE,CB,DD,EC,FD,GD,HE,IA,JA,A
AC,BC,CA,DC,EB,FA,GB,HC,ID,JB,H
AB,BB,CB,DB,EB,FE,GA,HB,IB,JD,F
AD,BD,CD,DC,EC,FE,GD,HA,IB,JD,E
AA,BD,CE,DC,EC,FC,GD,HE,ID,JC,F
AE,BE,CD,DC,EC,FB,GE,HC,ID,JE,D
AE,BC,CD,DE,EA,FB,GB,HE,IE,JA,X
AA,BD,CB,DE,ED,FD,GE,HB,IE,JB,I
AE,BA,CD,DE,EB,FD,GE,HA,IA,JA,E
AC,BA,CD,DA,EB,FA,GA,HA,IC,JB,A
AE,BE,CD,DE,EE,FA,GE,HE,IE,JE,Y
AE,BA,CD,DE,EB,FB,GD,HD,IA,JE,E
AB,BB,CC,DD,EA,FA,GD,HD,IA,JB,A
AD,BA,CE,DE,EA,FA,GC,HD,IC,JE,A
AE,BB,CB,DB,EC,FC,GD,HA,ID,JC,A
AA,BA,CD,DC,EB,FC,GD,HE,IC,JC,F
AC,BC,CC,DB,EB,FB,GD,HC,ID,JE,A
AD,BD,CE,DE,EA,FD,GE,HB,IA,JD,A
AA,BE,CE,DD,ED,FC,GE,HC,IE,JB,I
AB,BE,CA,DD,EB,FE,GC,HD,IB,JD,F
AE,BB,CE,DC,EC,FC,GB,HB,IC,JC,A
AB,BC,CB,DC,EB,FD,GA,HB,IC,JC,A
AD,BC,CD,DC,EB,FE,GD,HC,ID,JD,E
AC,BC,CA,DC,EB,FB,GB,HC,ID,JB,H
AE,BE,CD,DE,EC,FB,GB,HB,ID,JB,X
AD,BD,CA,DB,EB,FC,GD,HE,IE,JC,H
AA,BC,CC,DE,EC,FD,GC,HB,IC,JA,A
AD,BC,CB,DD,EC,FB,GA,HC,IB,JE,A
AD,BA,CA,DB,EB,FC,GA,HE,ID,JD,F
AB,BA,CC,DC,EB,FA,GB,HA,IA,JA,A
AD,BC,CA,DB,EB,FD,GD,HB,IC,JA,H
AB,BA,CD,DD,EA,FE,GA,HC,ID,JD,C
AD,BD,CA,DB,EB,FA,GD,HE,IA,JB,A
AB,BA,CE,DC,EB,FE,GC,HD,IA,JD,F
AB,BC,CC,DB,EB,FC,GA,HE,ID,JC,A
AB,BE,CD,DE,EC,FB,GB,HD,IC,JE,A
AC,BE,CD,DD,EB,FE,GC,HB,IA,JD,F
AE,BD,CD,DE,EE,FA,GE,HA,IE,JD,X
AC,BB,CE,DD,EB,FB,GC,HE,IB,JE,G
AD,BB,CB,DE,EB,FA,GA,HA,IA,JA,A
AA,BE,CE,DE,EE,FE,GE,HC,ID,JC,I
AC,BE,CA,DD,EA,FD,GA,HD,IE,JA,E
AA,BC,CC,DE,EB,FB,GA,HA,IB,JE,A
AC,BC,CA,DA,EC,FB,GA,HE,IA,JB,H
AB,BE,CA,DA,EB,FA,GA,HB,IC,JB,A
AE,BE,CA,DE,EA,FA,GE,HA,IE,JE,Y
AB,BA,CC,DC,EA,FE,GD,HC,ID,JD,A
AC,BB,CE,DD,EB,FC,GD,HA,IA,JC,G
AC,BC,CD,DE,EC,FB,GC,HD,IB,JE,A
AC,BE,CD,DB,EB,FD,GD,HD,ID,JA,F
AE,BB,CC,DA,EB,FB,GC,HE,IC,JE,E
AA,BB,CE,DC,EB,FE,GC,HE,IC,JD,A
AD,BA,CE,DD,EB,FD,GB,HC,ID,JA,F
AB,BA,CE,DE,EC,FB,GB,HB,IC,JE,A
AB,BA,CE,DE,EC,FD,GA,HE,ID,JA,A
AC,BB,CD,DD,EC,FB,GE,HB,IC,JE,D
AC,BD,CE,DE,EB,FB,GC,HD,ID,JE,A
AE,BB,CD,DA,EA,FC,GD,HA,IA,JC,E
AB,BA,CA,DC,EB,FE,GC,HE,IC,JD,F
AB,BC,CC,DD,EB,FA,GD,HC,IB,JB,A
AA,BA,CB,DC,EB,FA,GA,HC,ID,JB,A
AC,BE,CD,DD,EA,FE,GC,HE,ID,JD,F
AB,BB,CC,DE,EB,FB,GA,HE,IB,JE,A
AE,BB,CD,DE,EC,FE,GE,HA,ID,JD,E
AE,BE,CD,DE,EE,FC,GE,HA,IE,JB,Y
AA,BD,CC,DC,EB,FC,GD,HC,IB,JD,A
AD,BB,CC,DE,EB,FB,GC,HA,IB,JE,A
AB,BB,CC,DC,EC,FC,GB,HA,IE,JD,G
AE,BB,CA,DA,EB,FC,GC,HA,IE,JA,E
AB,BB,CE,DB,EB,FE,GC,HB,IA,JC,A
AB,BA,CB,DB,EE,FB,GE,HD,IE,JE,I
AD,BD,CC,DA,EB,FB,GB,HD,IB,JE,A
AD,BB,CC,DB,EB,FC,GD,HD,IC,JC,F
AE,BB,CB,DC,EE,FB,GB,HC,ID,JE,A
AB,BA,CA,DA,EB,FD,GB,HB,IC,JA,F
AB,BA,CD,DE,EB,FC,GA,HB,IA,JC,A
AC,BE,CD,DB,EB,FC,GB,HB,IB,JD,E
AC,BA,CE,DB,EB,FD,GA,HB,IB,JA,A
AA,BB,CC,DC,EB,FC,GB,HE,IB,JD,G
AD,BB,CE,DD,EB,FE,GA,HD,IC,JD,A
AE,BE,CD,DE,EE,FD,GE,HA,IE,JE,Y
AE,BB,CC,DA,EC,FE,GB,HA,ID,JD,C
AD,BB,CC,DD,EB,FB,GE,HC,ID,JE,G
AD,BB,CB,DD,EC,FD,GB,HA,IA,JC,A
AC,BB,CD,DD,EC,FB,GC,HC,ID,JE,D
AD,BB,CC,DA,EB,FC,GC,HB,IC,JC,F
AA,BC,CC,DC,EB,FA,GA,HE,IB,JB,A
AC,BB,CC,DA,EC,FB,GD,HB,IA,JE,F
AE,BD,CD,DE,EE,FC,GB,HE,IA,JD,X
AB,BA,CB,DA,EA,FC,GC,HA,ID,JC,A
AC,BD,CB,DD,EB,FE,GE,HA,IE,JD,E
AA,BB,CC,DD,EB,FC,GA,HB,IA,JD,A
AB,BC,CE,DA,EB,FA,GB,HB,IB,JB,A
AB,BE,CB,DC,EE,FC,GD,HD,IB,JC,A
AA,BC,CA,DC,EB,FE,GB,HC,ID,JD,H
AB,BB,CC,DC,EC,FE,GE,HA,ID,JD,A
AB,BA,CA,DD,EB,FC,GD,HB,IC,JC,A
AC,BE,CD,DA,EA,FB,GB,HB,IC,JE,D
AB,BC,CA,DC,EB,FC,GD,HD,IC,JC,F
AB,BC,CC,DB,EB,FB,GD,HC,ID,JE,A
AC,BA,CD,DE,EE,FE,GE,HC,ID,JD,Y
AE,BD,CB,DA,EB,FA,GC,HB,IC,JE,W
AA,BD,CC,DD,EE,FE,GE,HC,IA,JD,I
AE,BB,CC,DA,EC,FC,GB,HB,ID,JC,A
AE,BB,CA,DA,EB,FA,GD,HB,IE,JB,E
AD,BB,CB,DD,EB,FE,GA,HA,IE,JD,G
AD,BE,CB,DC,EB,FB,GB,HC,ID,JE,A
AC,BD,CB,DB,EB,FD,GE,HD,IA,JB,A
AE,BE,CA,DB,EC,FB,GC,HC,IB,JE,A
AE,BB,CD,DA,EC,FB,GC,HD,IC,JE,D
AD,BB,CB,DE,EC,FB,GB,HE,IB,JE,F
AE,BB,CD,DA,EA,FD,GD,HA,IE,JA,E
AC,BD,CA,DC,EA,FC,GC,HA,IA,JC,F
AC,BD,CD,DE,EB,FA,GA,HE,IB,JB,E
AB,BB,CE,DB,EA,FE,GC,HB,IC,JD,G
AA,BC,CB,DA,EA,FA,GA,HD,IB,JB,A
AC,BA,CD,DE,EE,FE,GB,HC,IB,JD,Y
AA,BA,CC,DC,ED,FE,GE,HC,ID,JD,I
AC,BC,CB,DB,EC,FA,GB,HB,IA,JA,F
AE,BE,CD,DE,EE,FA,GE,HA,IE,JE,X
AA,BB,CE,DC,EB,FC,GA,HA,IB,JC,F
AC,BE,CD,DD,EB,FC,GD,HC,ID,JC,F
AE,BA,CC,DD,EB,FE,GD,HC,IB,JD,E
AC,BB,CD,DB,EC,FD,GA,HA,IE,JA,G
AE,BA,CD,DE,EB,FA,GB,HE,ID,JB,A
AB,BA,CD,DE,EB,FA,GA,HB,IA,JB,A
AD,BA,CD,DA,EA,FB,GB,HE,IC,JB,F
AD,BC,CA,DA,EB,FE,GA,HC,ID,JD,H
AE,BC,CB,DC,EC,FE,GE,HC,ID,JD,A
AE,BA,CB,DA,EB,FB,GC,HD,IA,JE,A
AC,BC,CB,DA,EB,FA,GA,HB,IC,JB,F
AE,BA,CB,DE,EB,FB,GC,HA,IE,JE,X
AC,BE,CD,DB,EB,FD,GA,HE,IB,JC,E
AA,BB,CC,DD,EB,FC,GB,HB,IB,JD,A
AD,BC,CB,DD,EC,FE,GD,HD,IB,JD,A
AE,BD,CA,DB,EB,FB,GD,HC,IC,JE,E
AD,BA,CE,DD,EB,FD,GD,HD,IA,JA,F
AD,BD,CD,DB,EA,FD,GB,HD,IA,JC,A
AC,BC,CA,DE,EC,FD,GC,HA,IE,JA,E
AB,BC,CC,DD,EB,FB,GB,HE,IB,JB,A
AA,BB,CB,DE,EB,FB,GD,HB,IC,JE,A
AB,BC,CE,DC,EB,FE,GE,HC,ID,JC,H
AD,BD,CC,DA,EB,FD,GC,HB,IB,JA,A
AD,BD,CD,DB,EA,FA,GD,HE,IB,JB,A
AA,BC,CE,DC,ED,FE,GE,HC,IB,JC,I
AB,BD,CA,DD,EB,FC,GB,HE,IB,JD,F
AB,BA,CB,DA,EA,FC,GE,HD,ID,JD,A
AD,BC,CE,DD,EB,FE,GD,HD,IA,JD,H
AE,BB,CC,DA,EC,FD,GA,HD,ID,JA,A
AE,BD,CD,DE,EC,FA,GE,HB,IE,JE,X
AA,BB,CC,DD,EB,FC,GC,HB,IC,JC,A
AD,BC,CA,DA,EE,FA,GD,HA,IC,JB,A
AC,BB,CC,DB,EB,FC,GD,HB,IA,JC,F
AC,BD,CD,DC,EB,FA,GB,HE,IC,JB,E
AD,BB,CE,DD,EB,FC,GD,HB,IC,JC,A
AE,BE,CD,DC,EC,FA,GC,HE,ID,JB,D
AE,BD,CB,DA,EB,FB,GD,HA,IE,JE,E
AC,BE,CD,DB,EB,FB,GB,HE,IA,JE,E
AE,BC,CE,DD,EB,FE,GC,HA,IA,JD,E
AE,BC,CE,DE,EC,FD,GB,HA,IE,JA,W
AD,BD,CA,DB,EB,FA,GA,HD,IB,JA,F
AA,BE,CE,DA,ED,FE,GE,HA,IE,JC,I
AA,BC,CC,DC,EB,FB,GB,HC,IB,JE,A
AA,BA,CD,DC,EB,FA,GE,HC,ID,JB,F
AB,BE,CA,DA,EB,FC,GC,HB,IB,JC,F
AE,BA,CD,DA,EA,FC,GD,HB,IB,JC,D
AD,BB,CB,DB,EA,FC,GB,HA,IA,JC,G
AE,BE,CD,DE,EC,FD,GE,HB,IE,JE,X
AE,BE,CD,DC,EC,FE,GD,HC,ID,JD,E
AA,BA,CB,DC,ED,FE,GE,HC,ID,JD,I
AD,BD,CA,DB,EB,FC,GB,HE,IA,JC,F
AB,BD,CE,DB,EB,FA,GA,HC,IB,JB,A
AC,BD,CD,DC,EB,FD,GA,HA,IE,JC,E
AA,BD,CB,DE,EB,FA,GD,HA,IC,JB,A
AB,BC,CE,DD,EB,FE,GC,HB,IA,JD,A
AB,BE,CD,DD,EB,FE,GA,HE,IB,JD,F
AE,BD,CD,DE,EC,FD,GE,HA,IE,JB,I
AB,BE,CA,DA,EA,FD,GE,HB,IC,JD,A
AA,BC,CC,DA,EA,FD,GA,HE,ID,JC,A
AE,BB,CD,DE,EC,FE,GE,HA,ID,JD,E
AC,BA,CD,DB,EC,FE,GC,HE,IE,JD,Y
AD,BE,CD,DE,EA,FB,GA,HC,ID,JE,A
AA,BB,CC,DC,EB,FD,GD,HD,IE,JA,G
AB,BB,CE,DB,EB,FD,GC,HD,IC,JA,A
AC,BD,CA,DE,EA,FA,GE,HB,IE,JE,X
AE,BC,CA,DA,EA,FB,GC,HA,IE,JE,X
AB,BC,CB,DB,EC,FA,GB,HB,IC,JA,A
AE,BA,CA,DD,EB,FB,GE,HE,IC,JE,A
AC,BE,CA,DB,EB,FA,GD,HE,IB,JB,F
AB,BD,CA,DE,EB,FB,GD,HC,ID,JB,A
AC,BD,CD,DE,EB,FB,GB,HA,IA,JB,A
AA,BE,CE,DE,EE,FE,GE,HE,ID,JA,I
AD,BB,CB,DB,EB,FC,GC,HD,IB,JC,A
AE,BB,CA,DA,EB,FA,GD,HA,IE,JB,E
AB,BE,CD,DA,EA,FD,GE,HB,IB,JD,F
AD,BC,CB,DD,EC,FA,GC,HC,IC,JB,A
AC,BD,CA,DE,EA,FB,GC,HA,IE,JE,X
AD,BD,CA,DC,EB,FD,GC,HB,IC,JA,F
AB,BC,CC,DA,EB,FD,GC,HA,IA,JA,A
AB,BD,CA,DA,EB,FB,GD,HB,IA,JE,A
AE,BD,CB,DA,EB,FC,GE,HA,IE,JA,E
AD,BA,CA,DD,EB,FC,GC,HD,IC,JA,F
AE,BC,CB,DD,EC,FB,GC,HD,IC,JE,A
AB,BB,CB,DB,EB,FA,GA,HA,IA,JB,A
AA,BB,CC,DA,EB,FD,GC,HB,IB,JA,F
AC,BD,CB,DB,EB,FA,GB,HD,IA,JA,A
AA,BD,CE,DE,ED,FE,GE,HC,ID,JD,I
AC,BE,CA,DA,EA,FD,GA,HB,IA,JA,F
AC,BD,CE,DC,EB,FB,GB,HC,IB,JE,H
AB,BB,CC,DC,EC,FE,GE,HA,ID,JD,A
AC,BB,CD,DE,EE,FB,GE,HD,IA,JE,Y
AC,BC,CB,DB,EC,FB,GB,HA,IA,JB,F
AE,BD,CD,DE,EE,FA,GE,HB,IE,JE,X
AC,BE,CA,DA,EB,FD,GD,HB,IE,JA,E
AC,BD,CE,DA,EC,FA,GB,HB,IE,JA,A
AE,BE,CB,DC,EA,FC,GB,HE,IB,JD,F
AE,BA,CA,DD,EB,FB,GA,HC,ID,JE,A
AE,BC,CB,DA,EB,FB,GB,HC,IB,JE,G
AD,BA,CA,DC,EA,FC,GD,HC,ID,JC,F
AA,BD,CC,DD,EE,FE,GE,HD,IE,JA,I
AD,BB,CB,DA,EA,FB,GA,HD,IB,JE,A
AE,BE,CD,DC,EC,FE,GE,HC,ID,JD,E
AC,BD,CA,DD,EB,FA,GA,HE,IC,JB,F
AD,BA,CE,DC,EA,FE,GC,HC,IB,JC,A
AD,BC,CB,DE,EC,FB,GA,HD,IB,JB,A
AD,BB,CB,DB,EB,FE,GD,HB,IB,JD,A
AE,BB,CC,DB,EB,FE,GB,HB,IA,JD,G
AE,BB,CC,DA,EC,FE,GD,HA,ID,JD,C
AA,BC,CE,DC,EB,FB,GD,HE,IC,JE,A
AC,BD,CA,DD,EB,FE,GC,HD,IC,JD,F
AC,BC,CD,DB,EC,FC,GC,HB,IE,JC,E
AE,BC,CE,DD,EB,FE,GE,HE,IA,JD,E
AC,BB,CC,DD,EB,FE,GD,HD,IE,JD,H
AE,BB,CC,DC,EC,FE,GD,HC,ID,JD,A
AD,BD,CC,DE,EC,FD,GA,HA,IE,JA,A
AA,BC,CC,DE,EC,FD,GC,HA,IA,JB,A
AD,BD,CA,DE,EB,FA,GE,HB,IA,JB,A
AB,BC,CE,DD,EA,FE,GE,HE,IB,JD,A
AD,BB,CB,DE,EB,FA,GA,HA,IC,JA,F
AD,BD,CD,DE,EB,FB,GD,HE,IA,JE,A
AC,BE,CD,DC,EA,FC,GC,HC,IE,JA,X
AB,BD,CE,DB,EC,FD,GC,HE,ID,JA,A
AB,BA,CC,DC,EA,FC,GD,HE,IB,JC,A
AB,BA,CC,DC,EB,FC,GB,HB,IE,JC,A
AD,BC,CA,DA,EB,FB,GD,HE,ID,JE,H
AD,BD,CB,DE,EC,FB,GC,HA,IB,JE,A
AB,BB,CC,DE,EB,FB,GD,HB,IA,JE,A
AB,BC,CD,DA,EC,FD,GD,HB,IA,JA,A
AE,BB,CA,DE,EB,FD,GA,HA,IC,JA,E
AD,BB,CB,DB,EA,FD,GD,HB,IC,JA,A
AB,BC,CB,DC,EB,FB,GD,HD,IB,JE,A
AD,BA,CA,DA,EB,FA,GC,HD,IB,JB,A
AB,BB,CC,DD,EB,FD,GB,HE,IA,JA,G
AD,BD,CA,DB,EB,FD,GC,HD,IC,JB,A
AA,BC,CB,DD,EB,FC,GC,HB,IC,JC,A
AD,BB,CC,DA,EB,FE,GC,HA,IA,JC,F
AE,BD,CE,DD,EB,FD,GB,HE,IE,JA,E
AA,BE,CC,DD,ED,FC,GE,HC,IE,JB,I
AA,BA,CA,DC,EB,FD,GC,HB,IB,JA,A
AE,BB,CB,DC,EC,FA,GA,HE,IC,JB,A
AA,BA,CB,DC,ED,FE,GE,HE,IA,JC,I
AA,BB,CB,DB,EB,FC,GB,HA,IA,JD,G
AE,BD,CA,DB,EB,FB,GC,HE,IA,JE,E
AE,BE,CD,DD,EC,FC,GA,HC,ID,JC,A
AA,BC,CB,DD,EB,FA,GA,HE,IB,JB,A
AD,BD,CD,DC,EC,FD,GD,HA,IB,JA,E
AB,BC,CE,DA,EB,FB,GA,HE,ID,JE,A
AE,BD,CB,DD,EC,FD,GA,HD,IA,JA,D
AD,BE,CE,DB,EB,FA,GE,HB,IA,JB,F
AD,BD,CE,DD,EA,FB,GD,HC,ID,JE,F
AB,BE,CA,DB,EB,FC,GD,HE,ID,JD,A
AA,BA,CD,DC,EC,FC,GD,HA,IC,JC,F
AE,BA,CC,DD,EB,FE,GA,HD,IE,JD,E
AE,BA,CD,DB,EA,FC,GC,HB,IE,JC,E
AD,BD,CD,DB,EA,FD,GB,HB,IE,JC,A
AD,BC,CD,DE,EA,FB,GB,HA,IE,JB,X
AE,BA,CB,DC,EC,FE,GA,HA,ID,JD,F
AC,BB,CC,DB,EB,FB,GC,HD,IC,JE,A
AA,BE,CE,DD,ED,FD,GE,HC,IA,JE,I
AB,BE,CA,DA,EA,FB,GD,HE,IB,JE,A
AD,BA,CE,DC,EA,FD,GC,HC,IB,JA,A
AD,BC,CE,DD,EB,FE,GA,HC,ID,JD,G
AE,BE,CB,DC,EA,FC,GE,HC,IB,JD,F
AB,BA,CD,DE,EB,FE,GA,HE,ID,JD,A
AC,BA,CD,DE,EE,FD,GE,HE,IB,JE,Y
AE,BC,CE,DA,EB,FD,GB,HD,IA,JA,E
AD,BC,CD,DB,EB,FD,GA,HD,IE,JC,H
AB,BA,CD,DE,EB,FA,GC,HD,IC,JB,A
AD,BE,CD,DE,EA,FB,GC,HB,IB,JE,A
AE,BA,CD,DE,EA,FB,GA,HA,IE,JE,X
AA,BC,CE,DC,EC,FB,GB,HC,ID,JB,A
AA,BB,CC,DA,EB,FE,GA,HA,IB,JD,F
AE,BC,CA,DE,EC,FE,GE,HA,ID,JD,A
AD,BA,CA,DB,EA,FE,GC,HB,IB,JD,F
AA,BB,CC,DD,EB,FA,GA,HE,IA,JB,A
AE,BE,CA,DA,EA,FC,GE,HA,IA,JD,E
AD,BE,CB,DC,EB,FB,GA,HC,ID,JE,A
AE,BC,CB,DC,EC,FD,GD,HC,ID,JA,A
AD,BC,CD,DE,EA,FB,GC,HB,IE,JE,X
AB,BD,CE,DB,EA,FC,GB,HB,IB,JD,A
AE,BA,CB,DC,EC,FB,GC,HC,ID,JE,D
AB,BE,CD,DB,EB,FD,GA,HE,ID,JC,A
AC,BA,CD,DE,EB,FA,GC,HB,IB,JB,F
AE,BA,CD,DB,EB,FC,GD,HD,IA,JC,E
AB,BB,CC,DC,EB,FD,GD,HE,IE,JA,G
AA,BC,CE,DB,EB,FC,GB,HA,IA,JD,A
AD,BB,CB,DB,EB,FD,GD,HE,IA,JA,F
AA,BE,CB,DB,ED,FE,GE,HC,IE,JA,I
AB,BA,CD,DE,EB,FA,GB,HA,IE,JB,A
AB,BA,CA,DD,EB,FC,GB,HC,ID,JD,A
AA,BD,CB,DC,EC,FD,GB,HA,IA,JC,A
AD,BB,CA,DD,EC,FD,GE,HD,IA,JB,E
AE,BE,CB,DD,EB,FB,GB,HC,IB,JE,A
AB,BD,CC,DD,EB,FB,GB,HC,ID,JE,E
AD,BB,CC,DA,EB,FD,GD,HA,IC,JA,F
AC,BA,CD,DE,EE,FB,GE,HC,ID,JE,Y
AD,BC,CE,DE,EB,FB,GB,HE,IB,JE,A
AA,BC,CC,DC,EB,FD,GC,HB,IB,JB,A
AA,BB,CC,DB,EC,FC,GC,HA,IC,JC,F
AE,BA,CC,DE,EA,FD,GD,HB,IC,JA,E
AE,BB,CA,DC,EB,FD,GA,HB,IA,JC,A
AA,BA,CC,DC,ED,FE,GD,HC,IA,JD,I
AD,BB,CC,DA,EB,FD,GC,HE,IB,JA,F
AE,BD,CA,DE,EA,FD,GA,HA,IE,JA,X
AA,BA,CE,DB,EB,FC,GC,HD,IC,JC,F
AD,BB,CB,DA,EB,FB,GC,HC,IB,JE,A
AA,BD,CB,DC,EC,FB,GB,HE,IB,JE,A
AD,BA,CE,DE,EB,FC,GC,HB,IA,JC,A
AD,BD,CA,DB,EA,FC,GC,HB,IA,JC,A
AA,BD,CB,DA,ED,FE,GE,HB,IE,JC,I
AA,BE,CA,DC,EA,FC,GC,HD,IC,JC,F
AA,BA,CA,DA,EA,FA,GD,HD,IB,JB,A
AC,BE,CA,DD,EA,FD,GD,HD,IA,JA,E
AE,BA,CA,DD,EB,FD,GD,HE,ID,JA,A
AD,BC,CE,DA,EB,FE,GA,HB,IE,JD,H
AB,BD,CA,DA,EC,FC,GD,HA,IC,JC,F
AB,BB,CC,DA,EA,FD,GC,HE,ID,JB,A
AC,BD,CE,DA,EB,FD,GD,HB,IC,JA,F
AE,BE,CD,DE,EE,FC,GE,HA,IE,JB,Y
AB,BB,CB,DB,EB,FA,GB,HA,IA,JA,A
AB,BB,CB,DB,EB,FA,GA,HE,IB,JB,F
AD,BA,CE,DE,EA,FA,GB,HE,IE,JA,A
AC,BC,CC,DA,EB,FB,GB,HE,IC,JE,A
AC,BE,CB,DC,EA,FB,GE,HC,ID,JC,A
AE,BD,CD,DB,EA,FC,GB,HE,IA,JD,D
AC,BC,CE,DC,EB,FD,GA,HA,IE,JC,E
AC,BC,CA,DC,EB,FD,GC,HC,IC,JA,H
AE,BA,CA,DD,EC,FC,GC,HB,IC,JC,F
AD,BB,CB,DA,EB,FB,GD,HE,IC,JB,A
AD,BD,CD,DA,EB,FC,GD,HA,IA,JC,A
AB,BA,CB,DC,EE,FD,GB,HD,IB,JA,F
AB,BE,CD,DE,EC,FD,GC,HA,IE,JA,A
AC,BC,CA,DE,EC,FE,GA,HA,IA,JD,E
AC,BB,CB,DA,EB,FA,GB,HD,IC,JA,F
AC,BE,CC,DC,EA,FD,GC,HC,IB,JA,X
AA,BD,CC,DD,ED,FE,GE,HC,ID,JA,I
AE,BC,CE,DD,EB,FC,GA,HC,IB,JC,E
AB,BB,CB,DC,EB,FC,GD,HC,IB,JC,G
AA,BC,CA,DC,EA,FD,GD,HC,ID,JA,A
AC,BC,CE,DA,EA,FD,GB,HB,IE,JA,H
AA,BD,CC,DC,EB,FA,GE,HA,IB,JB,A
AD,BA,CE,DC,EA,FC,GD,HC,ID,JD,A
AB,BE,CA,DD,EB,FC,GE,HB,IC,JC,F
AE,BD,CD,DE,EA,FC,GA,HA,IC,JC,D
AE,BA,CA,DD,EB,FA,GD,HD,IB,JB,A
AB,BD,CA,DC,EB,FD,GB,HE,IC,JA,F
AD,BC,CD,DC,EB,FC,GB,HC,IB,JD,E
AA,BC,CC,DE,EC,FC,GC,HB,IB,JC,A
AA,BB,CC,DC,EB,FE,GA,HC,ID,JD,G
AD,BC,CB,DE,EB,FB,GA,HB,IB,JE,A
AA,BA,CD,DB,EC,FB,GE,HD,IB,JE,F
AE,BB,CB,DB,EC,FD,GE,HD,ID,JE,Y
AE,BC,CB,DD,EC,FA,GE,HE,ID,JE,I
AD,BB,CC,DB,EB,FD,GB,HC,ID,JA,G
AC,BC,CA,DA,EB,FA,GA,HA,IC,JB,A
AA,BB,CC,DB,EC,FC,GA,HE,ID,JC,F
AE,BE,CC,DD,EA,FB,GC,HC,ID,JE,E
AD,BA,CA,DA,EB,FA,GE,HE,IB,JE,A
AE,BB,CB,DE,EC,FB,GA,HA,IA,JB,X
AB,BA,CB,DB,EE,FD,GE,HD,IE,JE,I
AB,BD,CC,DE,EB,FA,GA,HA,IC,JB,F
AE,BD,CE,DB,EB,FB,GD,HD,ID,JE,A
AE,BC,CB,DA,EC,FB,GA,HD,IE,JE,X
AA,BD,CB,DC,EB,FD,GB,HD,IA,JC,A
AC,BD,CE,DB,EB,FA,GB,HE,IC,JA,A
AD,BB,CE,DD,EB,FA,GB,HC,ID,JD,A
AA,BD,CC,DD,ED,FE,GE,HC,IC,JA,I
AB,BE,CA,DD,EB,FC,GC,HE,IB,JA,F
AE,BA,CC,DE,EA,FD,GD,HD,IB,JA,E
AC,BA,CE,DA,EB,FE,GA,HA,IA,JD,F
AC,BB,CB,DE,EC,FB,GC,HE,IB,JE,F
AD,BB,CB,DB,EB,FB,GB,HC,ID,JB,A
AA,BD,CE,DE,ED,FE,GE,HC,ID,JD,I
AC,BA,CB,DC,EE,FB,GA,HE,IB,JE,F
AE,BA,CB,DC,EC,FE,GD,HB,IA,JD,D
AC,BC,CC,DE,EB,FB,GC,HC,ID,JE,A
AA,BE,CC,DE,ED,FE,GE,HA,IE,JC,I
AB,BE,CA,DE,EB,FB,GC,HB,IC,JE,A
AA,BD,CA,DA,EA,FE,GC,HC,ID,JD,A
AB,BA,CD,DA,EE,FB,GE,HA,IE,JE,Y
AB,BA,CE,DC,EB,FD,GC,HC,IB,JB,F
AD,BB,CB,DA,EA,FD,GD,HB,IC,JA,A
AB,BC,CE,DB,EA,FC,GC,HB,ID,JC,A
AC,BB,CB,DD,EB,FD,GB,HB,IC,JC,A
AE,BA,CD,DE,EB,FE,GA,HA,IE,JD,X
AB,BB,CB,DC,EB,FC,GB,HE,IA,JC,G
AA,BA,CD,DD,EB,FD,GA,HD,IB,JC,F
AE,BE,CA,DE,EC,FA,GA,HB,IB,JB,A
AE,BE,CA,DB,EC,FB,GC,HC,ID,JE,A
AD,BB,CB,DE,EB,FD,GC,HB,IB,JA,F
AC,BC,CA,DC,EB,FC,GB,HC,IA,JC,H
AB,BB,CB,DB,EB,FA,GB,HB,IA,JA,A
AB,BE,CD,DB,EB,FD,GC,HB,IA,JA,A
AD,BA,CB,DD,EC,FB,GE,HB,IC,JE,F
AC,BB,CE,DB,EB,FB,GA,HB,IA,JB,G
AE,BC,CD,DD,EC,FE,GB,HD,ID,JD,E
AA,BC,CA,DC,EC,FE,GB,HC,ID,JD,A
AD,BE,CA,DA,EB,FA,GA,HB,IB,JB,A
AB,BA,CD,DD,EA,FE,GB,HB,IA,JD,C
AC,BE,CD,DB,EB,FD,GC,HD,IA,JA,F
AE,BA,CD,DE,EE,FC,GE,HA,IE,JB,Y
AE,BC,CE,DA,EB,FE,GC,HA,IE,JD,E
AD,BB,CB,DD,EB,FC,GC,HE,IC,JC,G
AA,BA,CA,DE,EB,FD,GA,HB,IC,JC,A
AC,BC,CC,DE,EB,FA,GA,HD,ID,JB,A
AC,BA,CA,DB,EB,FC,GD,HC,ID,JC,A
AE,BA,CB,DC,EC,FE,GA,HA,ID,JD,F
AB,BA,CE,DE,EC,FA,GA,HE,ID,JA,A
AD,BD,CA,DB,EB,FA,GE,HC,IC,JE,H
AB,BE,CA,DB,EB,FB,GC,HC,IC,JE,A
AA,BE,CB,DA,ED,FC,GE,HA,IE,JB,I
AA,BA,CA,DA,EA,FB,GA,HB,IB,JB,A
AE,BE,CD,DA,EB,FD,GD,HE,IE,JA,E
AB,BB,CE,DB,EB,FA,GC,HB,IC,JB,A
AB,BC,CC,DE,EB,FB,GA,HE,IB,JE,A
AE,BE,CD,DC,EC,FC,GE,HC,IC,JC,E
AB,BD,CD,DC,EC,FE,GD,HC,IE,JD,H
AD,BE,CE,DB,EB,FC,GD,HD,IB,JC,F
AA,BA,CA,DE,EB,FC,GD,HA,IA,JC,A
AD,BC,CA,DA,EE,FC,GD,HA,IC,JC,A
AA,BD,CE,DD,EB,FC,GA,HD,IC,JC,F
AE,BD,CE,DD,EB,FA,GD,HC,IA,JB,E
AC,BA,CD,DB,EC,FC,GE,HE,IE,JA,Y
AC,BA,CA,DA,EC,FA,GB,HD,IB,JA,A
AD,BA,CC,DA,EC,FD,GD,HB,IA,JA,A
AB,BB,CB,DB,EB,FB,GA,HA,IA,JE,A
AA,BE,CE,DD,ED,FC,GE,HA,IE,JB,I
AC,BB,CC,DE,EE,FB,GB,HD,ID,JE,F
AE,BC,CE,DB,EB,FD,GD,HB,IE,JA,E
AC,BC,CE,DE,EB,FB,GB,HB,IA,JB,A
AA,BB,CC,DC,EB,FE,GA,HB,IE,JD,G
AB,BA,CA,DC,EB,FD,GC,HA,IA,JA,A
AA,BD,CA,DD,EA,FC,GD,HB,IC,JC,A
AA,BA,CC,DA,ED,FE,GE,HA,IE,JC,I
AB,BD,CE,DD,EA,FD,GD,HD,IC,JC,F
AD,BD,CB,DE,EB,FA,GD,HE,ID,JB,A
AB,BD,CA,DA,EC,FC,GA,HA,IC,JC,F
AD,BE,CA,DE,EA,FB,GB,HB,IB,JB,A
AC,BC,CA,DE,EC,FB,GD,HE,IA,JE,E
AE,BC,CB,DA,EC,FB,GB,HB,IE,JE,X
AC,BB,CC,DA,EB,FD,GA,HE,IB,JA,F
AD,BD,CA,DA,EA,FA,GA,HB,IC,JB,A
AC,BD,CB,DB,EB,FB,GC,HE,IA,JE,A
AA,BD,CE,DD,EE,FE,GE,HE,IA,JC,I
AD,BA,CD,DB,EB,FD,GE,HD,IA,JA,A
AC,BC,CD,DE,EC,FB,GA,HA,IA,JE,W
AE,BD,CC,DA,EC,FA,GE,HC,IA,JE,I
AD,BD,CA,DC,EB,FC,GC,HD,ID,JC,F
AC,BB,CB,DA,EB,FA,GB,HB,IE,JC,G
AB,BE,CD,DD,EC,FD,GA,HE,IA,JA,A
AE,BD,CD,DE,EA,FB,GB,HB,IE,JE,X
AA,BE,CD,DA,EB,FA,GA,HD,IB,JB,A
AD,BA,CA,DA,EB,FB,GA,HB,IB,JE,A
AC,BE,CA,DB,EB,FA,GC,HD,IB,JB,F
AA,BE,CC,DA,ED,FE,GE,HB,IE,JC,I
AC,BD,CD,DC,EC,FD,GC,HD,IB,JA,C
AC,BC,CE,DC,EB,FE,GD,HA,IA,JD,E
AD,BC,CE,DA,EB,FD,GC,HB,IE,JA,H
AC,BD,CD,DE,EB,FD,GE,HD,IA,JE,E
AB,BE,CA,DA,EB,FC,GB,HA,IC,JD,A
AD,BC,CA,DB,EB,FD,GC,HE,IB,JA,F
AB,BE,CB,DC,EE,FD,GE,HE,ID,JD,A
AA,BE,CB,DD,EC,FD,GB,HB,IA,JC,A
AA,BE,CC,DE,ED,FC,GE,HA,IE,JA,I
AE,BA,CD,DE,EB,FB,GE,HA,IE,JE,X
AE,BD,CD,DE,EA,FD,GD,HB,IB,JA,D
AA,BD,CB,DD,EC,FD,GE,HD,ID,JA,A
AE,BA,CD,DC,EB,FA,GB,HA,IE,JB,E
AB,BA,CA,DA,EB,FE,GC,HB,IC,JC,F
AE,BE,CD,DE,EE,FB,GE,HC,ID,JE,X
AC,BE,CB,DC,EA,FD,GA,HD,IA,JA,A
AC,BC,CB,DB,EB,FD,GD,HD,ID,JA,A
AB,BA,CB,DA,EE,FE,GD,HA,IA,JD,I
AC,BD,CE,DE,EB,FB,GA,HC,IB,JE,A
AB,BC,CC,DD,EA,FD,GD,HE,IB,JB,F
AC,BB,CC,DB,EB,FA,GB,HB,IC,JA,A
AC,BE,CA,DB,EB,FB,GC,HE,IB,JE,F
AD,BB,CC,DD,EB,FD,GB,HC,IC,JC,G
AE,BB,CB,DB,EC,FC,GE,HA,ID,JA,A
AE,BE,CD,DE,EC,FB,GB,HA,IB,JB,X
AC,BB,CE,DD,EC,FA,GA,HC,IA,JA,G
AD,BE,CD,DE,EA,FA,GB,HE,ID,JA,A
AA,BA,CB,DA,EA,FD,GA,HD,IB,JA,A
AB,BB,CC,DB,EB,FD,GE,HC,ID,JB,A
AE,BE,CE,DE,EA,FB,GD,HA,IE,JE,X
AD,BB,CC,DA,EB,FB,GB,HD,IA,JB,F
AD,BB,CE,DE,EB,FA,GD,HB,IC,JB,A
AA,BE,CD,DC,EC,FC,GC,HA,IE,JC,A
AE,BA,CD,DA,EA,FA,GD,HA,IC,JB,C
AB,BE,CA,DB,EB,FC,GA,HD,IC,JC,F
AA,BC,CC,DE,EB,FB,GB,HB,IB,JE,A
AB,BC,CA,DC,EB,FE,GE,HE,IA,JD,H
AE,BB,CD,DB,EA,FD,GD,HD,IE,JA,E
AD,BB,CC,DA,EB,FA,GB,HE,IA,JA,F
AE,BC,CE,DE,EA,FA,GA,HB,IE,JA,E
AC,BB,CB,DE,EC,FB,GC,HA,IE,JE,B
AE,BC,CD,DE,EA,FB,GD,HD,IC,JE,X
AA,BC,CC,DE,EB,FD,GD,HA,IB,JA,A
AA,BA,CA,DD,EC,FC,GA,HE,IB,JC,A
AC,BA,CE,DA,EC,FB,GA,HE,IA,JE,A
AA,BE,CC,DE,EE,FE,GE,HA,IE,JA,I
AB,BD,CC,DE,EB,FC,GC,HA,IA,JC,F
AD,BB,CB,DA,EA,FC,GD,HA,IA,JC,A
AC,BD,CE,DC,EB,FA,GC,HC,IB,JB,H
AD,BA,CE,DE,EA,FA,GB,HB,IC,JA,A
AD,BC,CE,DD,EB,FD,GB,HA,IA,JC,G
AC,BA,CE,DB,EB,FB,GD,HE,IB,JE,A
AA,BA,CA,DC,EB,FE,GE,HD,IA,JD,F
AC,BD,CA,DA,EA,FC,GC,HA,IA,JC,F
AE,BD,CA,DD,EC,FE,GE,HD,IA,JD,E
AB,BA,CA,DD,EB,FD,GA,HC,ID,JA,A
AB,BC,CC,DE,EB,FB,GB,HC,ID,JE,A
AB,BB,CC,DE,EB,FB,GD,HD,IC,JE,A
AC,BA,CB,DC,EE,FA,GA,HE,IE,JA,E
AC,BB,CE,DD,EB,FC,GA,HA,IA,JD,G
AB,BA,CC,DD,EC,FD,GE,HB,IA,JB,A
AA,BE,CE,DD,ED,FD,GE,HC,IA,JB,I
AE,BD,CE,DE,EB,FD,GB,HB,IE,JC,X
AB,BB,CE,DB,EA,FD,GE,HD,IB,JD,A
AE,BC,CE,DD,EB,FE,GC,HA,IB,JD,E
AE,BA,CD,DC,EB,FC,GB,HB,ID,JD,E
AC,BC,CA,DA,EC,FB,GA,HC,ID,JE,H
AA,BA,CC,DC,EC,FE,GE,HA,ID,JD,A
AB,BC,CB,DA,EA,FA,GA,HD,IA,JB,A
AA,BD,CB,DA,ED,FE,GE,HC,ID,JC,I
AE,BE,CD,DE,EE,FB,GE,HE,IA,JE,Y
AD,BD,CA,DB,EA,FB,GA,HE,IC,JE,A
AD,BB,CB,DD,EB,FD,GD,HC,ID,JA,G
AB,BC,CC,DA,EA,FA,GD,HD,ID,JB,A
AA,BB,CE,DC,EB,FA,GD,HB,ID,JB,F
AB,BA,CD,DD,EA,FE,GC,HD,IA,JC,C
AD,BC,CE,DA,EB,FD,GE,HB,IE,JA,H
AA,BD,CE,DC,EE,FE,GE,HC,ID,JC,I
AE,BB,CC,DE,EC,FD,GB,HA,ID,JC,A
AA,BB,CC,DC,EC,FE,GD,HC,IB,JD,F
AB,BD,CD,DC,EB,FD,GC,HC,ID,JA,A
AC,BC,CC,DC,EB,FB,GE,HD,IB,JE,A
AE,BE,CD,DE,EC,FB,GE,HA,IE,JE,X
AC,BC,CD,DE,EC,FB,GD,HA,IB,JE,A
AA,BC,CA,DC,EA,FB,GD,HE,IC,JE,A
AE,BE,CC,DA,EA,FB,GC,HD,IA,JE,E
AB,BC,CB,DC,EB,FC,GA,HC,ID,JD,A
AB,BB,CB,DA,EE,FB,GA,HE,IB,JE,A
AA,BA,CA,DC,EB,FE,GC,HC,ID,JD,A
AB,BA,CD,DE,EB,FD,GC,HE,ID,JA,A
AA,BC,CD,DD,EB,FE,GB,HD,ID,JD,H
AE,BB,CE,DC,EC,FC,GE,HE,ID,JD,A
AA,BA,CC,DA,ED,FC,GE,HB,IE,JB,I
AB,BE,CD,DD,EB,FD,GD,HC,ID,JA,F
AE,BD,CD,DE,EA,FD,GA,HA,IE,JA,X
AC,BD,CE,DA,EB,FD,GA,HA,IA,JC,A
AC,BB,CC,DB,EB,FD,GC,HA,IA,JA,F
AA,BC,CE,DC,EC,FE,GD,HC,IB,JD,A
AA,BD,CC,DD,EB,FC,GE,HC,ID,JC,A
AD,BA,CE,DD,EB,FB,GC,HC,ID,JE,F
AA,BE,CE,DA,ED,FA,GE,HC,IE,JE,I
AE,BB,CE,DE,EE,FB,GE,HC,IB,JE,Y
AE,BE,CC,DD,EC,FC,GD,HB,IA,JC,A
AE,BA,CB,DE,EB,FB,GB,HA,IE,JE,X
AE,BD,CA,DE,EA,FB,GB,HB,IE,JE,X
AC,BD,CD,DE,EB,FB,GB,HE,IB,JE,A
AB,BB,CC,DA,EB,FA,GA,HB,IB,JB,A
AC,BE,CC,DC,EA,FD,GB,HC,IE,JA,X
AB,BB,CB,DD,EB,FC,GB,HB,IE,JC,A
AB,BA,CC,DC,EA,FA,GC,HC,IB,JB,A
AB,BD,CA,DD,EB,FB,GB,HC,ID,JE,F
AD,BC,CB,DD,EC,FE,GB,HB,IC,JD,A
AD,BB,CA,DB,EB,FD,GC,HD,IE,JA,H
AD,BC,CB,DD,EC,FC,GA,HC,IE,JC,A
AC,BA,CB,DC,EE,FB,GA,HE,IA,JE,E
AB,BD,CE,DE,EB,FA,GB,HD,IB,JA,A
AA,BE,CD,DC,EB,FE,GA,HC,IC,JD,F
AB,BE,CD,DD,EC,FC,GD,HA,IA,JC,A
AA,BE,CC,DA,ED,FD,GE,HA,IE,JE,I
AC,BB,CC,DE,EE,FA,GD,HA,IA,JB,F
AA,BC,CC,DD,EA,FD,GD,HE,IB,JC,A
AD,BB,CC,DA,EB,FC,GC,HB,IB,JC,F
AC,BE,CD,DD,EB,FC,GA,HE,IB,JC,F
AA,BA,CC,DC,ED,FE,GE,HC,ID,JC,I
AA,BD,CB,DE,EB,FD,GB,HA,IA,JC,A
AA,BA,CA,DC,EB,FD,GC,HB,IC,JA,F
AA,BE,CC,DC,ED,FE,GE,HE,IE,JD,I
AB,BE,CD,DE,EB,FA,GD,HA,IB,JB,A
AC,BC,CE,DA,EA,FA,GC,HA,IE,JB,H
AB,BC,CC,DA,EB,FD,GC,HB,IA,JA,A
AC,BA,CB,DC,EC,FC,GC,HE,IC,JA,F
AA,BD,CE,DD,EE,FD,GE,HE,IE,JE,I
AC,BE,CD,DD,EA,FE,GD,HB,IC,JD,F
AC,BD,CE,DE,EB,FB,GE,HA,IA,JE,A
AC,BC,CD,DB,EC,FE,GD,HB,IA,JD,E
AD,BE,CC,DD,EB,FC,GA,HB,IE,JD,A
AC,BB,CC,DA,EB,FA,GB,HB,IA,JA,F
AC,BB,CE,DD,EB,FC,GB,HD,IB,JC,G
AC,BD,CE,DD,EA,FC,GC,HE,IA,JC,E
AA,BB,CE,DD,EB,FE,GC,HD,IA,JD,H
AB,BE,CC,DC,EC,FD,GD,HC,ID,JA,A
AE,BE,CD,DC,EC,FB,GC,HE,IB,JE,D
AC,BB,CC,DE,EB,FB,GD,HA,IE,JE,G
AA,BD,CE,DD,EE,FE,GE,HC,IC,JD,I
AA,BC,CE,DD,EA,FC,GE,HD,ID,JD,A
AD,BA,CD,DB,EB,FD,GA,HD,IA,JA,A
AE,BB,CA,DE,EB,FB,GB,HB,IE,JB,E
AD,BA,CE,DE,EA,FB,GA,HC,ID,JE,A
AA,BE,CB,DC,EC,FE,GE,HB,IE,JC,I
AE,BB,CC,DD,EB,FB,GA,HC,IB,JE,E
AE,BD,CD,DB,EC,FD,GB,HC,IB,JC,W
AA,BA,CE,DB,EB,FC,GC,HD,ID,JC,F
AB,BA,CC,DC,EB,FA,GB,HA,IE,JA,A
AA,BD,CE,DD,EE,FC,GE,HE,IA,JB,I
AC,BD,CA,DE,EA,FB,GB,HB,IE,JE,X
AA,BD,CC,DD,EB,FA,GA,HC,IC,JB,A
AD,BD,CA,DE,EB,FD,GD,HA,IA,JA,A
AE,BE,CD,DE,EE,FA,GE,HE,IA,JE,Y
AB,BC,CA,DD,EB,FC,GA,HE,IA,JC,H
AA,BC,CC,DA,EA,FD,GA,HE,ID,JA,A
AB,BA,CC,DC,EA,FE,GD,HC,ID,JD,A
AC,BC,CE,DC,EB,FB,GD,HD,IA,JB,E
AD,BC,CC,DB,EA,FD,GB,HB,IA,JC,F
AD,BB,CB,DA,EA,FD,GE,HE,IB,JD,A
AA,BE,CE,DE,EE,FC,GE,HA,IE,JB,I
AC,BC,CB,DB,EB,FA,GA,HE,IC,JB,A
AC,BA,CE,DE,EA,FB,GA,HA,IA,JB,A
AE,BE,CD,DD,EB,FB,GC,HD,IC,JE,E
AB,BC,CA,DC,EB,FE,GD,HC,ID,JD,A
AB,BE,CD,DD,EB,FC,GD,HE,IB,JC,F
AC,BA,CB,DC,EE,FD,GB,HE,IE,JA,E
AE,BA,CC,DD,EB,FD,GD,HD,IA,JA,E
AD,BE,CA,DD,EB,FD,GC,HD,IB,JA,A
AD,BC,CA,DA,EB,FC,GA,HA,IE,JD,H
AC,BA,CD,DA,EB,FE,GE,HC,ID,JC,A
AB,BE,CA,DC,EA,FE,GE,HB,IC,JD,F
AE,BB,CA,DC,EC,FE,GD,HC,ID,JD,F
AD,BA,CE,DC,EA,FE,GD,HC,IA,JD,A
AC,BC,CC,DB,EB,FE,GC,HA,IA,JC,G
AC,BE,CB,DC,EC,FA,GD,HE,IC,JB,A
AE,BC,CB,DA,EC,FB,GC,HD,IE,JE,X
AD,BA,CA,DD,EB,FA,GC,HC,ID,JB,F
AE,BA,CC,DE,EA,FA,GA,HB,IA,JA,E
AD,BC,CA,DD,EB,FE,GA,HB,IE,JD,H
AB,BD,CE,DE,EB,FA,GD,HA,IA,JA,A
AA,BA,CD,DB,EC,FB,GA,HC,ID,JE,F
AC,BA,CE,DA,EC,FB,GB,HE,ID,JB,A
AE,BB,CC,DB,EA,FE,GC,HE,ID,JD,F
AC,BB,CE,DC,EB,FA,GA,HB,IA,JB,A
AD,BB,CC,DB,EB,FA,GB,HE,IC,JB,G
AA,BA,CD,DB,EC,FE,GD,HD,ID,JD,F
AA,BA,CB,DA,ED,FE,GE,HB,IE,JA,I
AA,BD,CA,DA,EA,FD,GB,HC,ID,JC,A
AC,BC,CC,DE,EB,FA,GA,HA,IC,JA,A
AE,BD,CA,DB,EA,FB,GA,HC,IB,JE,D
AC,BA,CA,DC,EB,FE,GA,HC,ID,JD,F
AE,BE,CB,DD,EB,FB,GA,HC,ID,JE,A
AC,BE,CD,DE,EE,FD,GE,HB,IE,JB,Y
AD,BC,CB,DD,EC,FE,GA,HC,IC,JD,A
AA,BA,CB,DA,EC,FE,GE,HD,IA,JC,I
AE,BC,CD,DB,EA,FA,GD,HE,IC,JB,D
AE,BC,CB,DC,EC,FE,GE,HC,ID,JD,A
AE,BC,CA,DA,EA,FB,GD,HA,IE,JE,X
AC,BD,CE,DA,EB,FC,GD,HE,IB,JC,F
AA,BC,CB,DD,EB,FE,GE,HB,IA,JC,A
AC,BB,CC,DE,EB,FC,GD,HB,IA,JC,G
AC,BC,CC,DE,EB,FA,GE,HB,ID,JB,A
AD,BA,CA,DA,EB,FB,GB,HC,IB,JE,A
AD,BC,CE,DB,EB,FA,GE,HE,ID,JE,A
AD,BC,CB,DE,EB,FD,GD,HA,IC,JA,A
AE,BA,CD,DE,EB,FA,GD,HA,IE,JB,E
AB,BC,CA,DC,EB,FE,GD,HD,IB,JD,F
AD,BB,CB,DE,EB,FB,GA,HB,IB,JB,A
AE,BC,CD,DE,EA,FB,GB,HA,IE,JE,X
AB,BA,CA,DB,EA,FA,GA,HD,IB,JB,A
AA,BE,CE,DA,ED,FC,GE,HA,IE,JB,I
AD,BD,CA,DA,EA,FB,GD,HE,IB,JE,A
AD,BA,CE,DD,EB,FC,GB,HC,ID,JD,A
AE,BD,CA,DB,EA,FD,GC,HD,IA,JA,D
AB,BC,CE,DB,EA,FD,GB,HB,IB,JC,A
AC,BA,CD,DE,EB,FC,GE,HE,ID,JC,F
AD,BC,CE,DE,EA,FB,GB,HC,ID,JE,A
AE,BA,CD,DB,EB,FA,GB,HE,IA,JB,E
AB,BD,CE,DE,EB,FC,GD,HD,IB,JC,A
AB,BB,CE,DB,EA,FD,GC,HD,IC,JA,A
AE,BB,CB,DA,EB,FD,GB,HD,IB,JC,A
AB,BC,CC,DD,EB,FD,GC,HD,IA,JA,A
AA,BA,CC,DA,ED,FE,GE,HA,IE,JC,I
AB,BC,CE,DB,EA,FA,GE,HB,IA,JD,A
AB,BB,CC,DC,EC,FE,GD,HA,ID,JD,A
AC,BE,CB,DD,EB,FA,GD,HD,IB,JB,F
AD,BB,CE,DC,EC,FB,GA,HE,IB,JE,A
AB,BC,CE,DB,EA,FA,GD,HD,IC,JB,A
AB,BB,CC,DB,EB,FC,GC,HB,IC,JC,A
AB,BB,CC,DE,EB,FA,GB,HA,IA,JB,A
AB,BE,CA,DC,EB,FE,GE,HC,ID,JC,F
AE,BD,CB,DD,EB,FD,GA,HE,IC,JC,E
AA,BC,CE,DC,ED,FC,GE,HE,IE,JA,I
AC,BB,CB,DE,EC,FE,GE,HA,ID,JD,A
AB,BE,CA,DD,EC,FD,GD,HD,IB,JA,F
AB,BB,CE,DD,EB,FB,GB,HE,IB,JB,A
AA,BD,CE,DE,ED,FE,GE,HC,ID,JD,I
AA,BA,CB,DC,ED,FE,GE,HD,IE,JA,I
AC,BE,CD,DE,EE,FE,GE,HA,IE,JB,Y
AB,BE,CE,DB,EA,FA,GB,HD,IC,JA,A
AC,BC,CA,DA,EA,FB,GA,HB,IE,JE,X
AC,BC,CC,DC,EB,FA,GA,HE,IB,JB,A
AB,BE,CD,DD,EB,FC,GC,HE,IC,JC,F
AA,BD,CA,DB,EC,FC,GB,HC,ID,JD,A
AE,BD,CE,DA,EB,FB,GD,HD,IA,JE,E
AB,BA,CA,DA,EB,FD,GE,HB,IC,JB,A
AC,BB,CE,DB,EB,FD,GB,HB,IA,JC,G
AC,BC,CA,DC,EB,FA,GD,HC,IE,JB,H
AC,BA,CA,DA,EC,FE,GD,HD,ID,JD,A
AD,BC,CC,DB,EA,FA,GC,HE,IC,JB,A
AB,BD,CA,DD,EB,FA,GB,HE,IA,JA,F
AD,BC,CB,DE,EC,FD,GB,HA,IE,JC,A
AE,BE,CD,DC,EB,FC,GE,HA,IC,JC,F
AD,BC,CD,DC,EB,FD,GE,HB,IA,JD,H
AA,BE,CE,DA,ED,FC,GE,HB,IE,JB,I
AC,BB,CD,DD,EC,FE,GE,HC,ID,JD,D
AE,BB,CA,DA,EB,FD,GD,HB,IA,JA,E
AC,BE,CA,DE,EB,FD,GD,HD,IB,JA,F
AC,BE,CA,DB,EB,FC,GD,HA,IC,JC,F
AB,BB,CE,DD,EB,FA,GB,HC,ID,JB,A
AB,BE,CA,DA,EB,FD,GB,HD,IC,JA,A
AA,BB,CC,DC,EB,FE,GC,HC,IC,JC,G
AC,BB,CE,DE,EB,FD,GD,HA,IA,JA,A
AE,BE,CB,DD,EB,FB,GD,HC,ID,JE,A
AC,BD,CE,DA,EC,FC,GD,HA,IE,JC,A
AD,BC,CA,DB,EB,FC,GB,HA,IA,JD,H
AE,BA,CC,DD,EB,FD,GB,HC,ID,JA,E
AC,BB,CE,DD,EB,FD,GD,HD,IC,JA,G
AB,BC,CD,DA,EC,FD,GD,HA,IE,JA,E
AB,BE,CA,DA,EA,FC,GC,HB,IC,JC,A
AC,BE,CD,DD,EB,FC,GD,HE,IC,JC,F
AE,BE,CD,DE,EE,FB,GE,HC,IB,JE,Y
AC,BE,CD,DB,EA,FD,GA,HD,IA,JA,A
AA,BD,CC,DD,ED,FE,GE,HC,IB,JC,I
AC,BA,CE,DA,EB,FD,GC,HB,IB,JA,F
AE,BB,CA,DB,EC,FE,GC,HE,ID,JD,A
AE,BB,CC,DE,EC,FC,GB,HA,ID,JD,A
AB,BE,CA,DC,EA,FC,GD,HE,ID,JC,F
AB,BD,CE,DE,EB,FB,GC,HB,IA,JE,A
AE,BA,CD,DE,EB,FB,GC,HA,IE,JE,X
AB,BA,CB,DB,EE,FE,GB,HC,ID,JD,I
AC,BE,CD,DC,EB,FB,GB,HC,ID,JE,E
AD,BE,CA,DD,EB,FB,GB,HE,IB,JB,A
AD,BC,CE,DA,EB,FA,GB,HB,IA,JA,H
AA,BC,CC,DE,EC,FC,GC,HA,IA,JA,A
AE,BB,CC,DD,EB,FC,GD,HB,IE,JC,E
AE,BE,CD,DC,EB,FC,GA,HE,IB,JC,F
AE,BE,CD,DE,EE,FA,GE,HA,IE,JE,X
AE,BE,CD,DA,EB,FC,GD,HB,IE,JC,E
AB,BE,CA,DE,EB,FB,GD,HD,IA,JE,A
AE,BB,CD,DE,EA,FC,GC,HB,IA,JC,D
AA,BE,CC,DA,ED,FE,GE,HA,IE,JC,I
AB,BA,CA,DC,EB,FC,GC,HE,ID,JC,A
AA,BC,CC,DC,EB,FC,GD,HD,ID,JC,A
AA,BB,CC,DC,EB,FE,GD,HE,IA,JD,G
AE,BE,CD,DA,EB,FA,GC,HD,IA,JB,E
AC,BD,CE,DA,EA,FB,GA,HE,IB,JE,A
AD,BB,CB,DD,EB,FE,GC,HD,IB,JD,G
AB,BE,CE,DB,EA,FB,GD,HE,IC,JE,A
AA,BD,CB,DE,ED,FC,GB,HA,IE,JC,I
AE,BA,CD,DE,EE,FE,GE,HC,ID,JD,X
AB,BA,CB,DC,EB,FD,GA,HC,ID,JA,A
AC,BA,CE,DD,EB,FA,GE,HE,IC,JB,F
AC,BA,CB,DC,EC,FE,GA,HC,ID,JD,F
AB,BC,CE,DB,EB,FD,GE,HE,ID,JB,A
AC,BD,CE,DA,EB,FB,GC,HB,IC,JE,A
AE,BB,CC,DA,EB,FC,GA,HA,IA,JC,E
AC,BD,CE,DB,EB,FD,GC,HD,IC,JB,A
AC,BE,CA,DD,EB,FE,GC,HC,ID,JD,F
AE,BC,CE,DD,EB,FD,GC,HD,IA,JB,E
AE,BC,CD,DE,EA,FB,GC,HD,IE,JE,X
AE,BB,CC,DA,EC,FA,GA,HD,IA,JB,E
AA,BB,CC,DC,EC,FC,GC,HE,IC,JC,F
AA,BD,CB,DE,EB,FA,GB,HB,IA,JA,A
AA,BD,CE,DE,ED,FC,GE,HA,IE,JB,I
AB,BB,CE,DD,EB,FE,GE,HC,ID,JD,A
AE,BB,CB,DD,EC,FE,GE,HA,ID,JD,D
AB,BB,CE,DB,EA,FA,GD,HE,IC,JB,A
AA,BE,CB,DA,ED,FC,GE,HB,IE,JB,I
AC,BE,CA,DD,EB,FE,GD,HE,IB,JD,F
AB,BA,CB,DC,EB,FA,GD,HE,ID,JB,A
AC,BE,CA,DA,EB,FB,GA,HE,IB,JE,E
AC,BA,CB,DC,EE,FB,GB,HC,ID,JE,E
AD,BC,CC,DB,EA,FC,GC,HB,IE,JA,A
AA,BA,CC,DC,ED,FE,GE,HA,IE,JC,I
AE,BA,CD,DE,EB,FA,GE,HA,IE,JE,X
AE,BB,CC,DA,EC,FB,GE,HD,IE,JD,E
AB,BA,CA,DB,EA,FD,GD,HD,IB,JA,A
AB,BB,CB,DB,EB,FD,GD,HE,IB,JA,F
AC,BE,CE,DE,EB,FB,GA,HB,IC,JE,A
AA,BA,CC,DA,ED,FE,GE,HA,IE,JD,I
AD,BC,CA,DD,EB,FE,GE,HE,IB,JD,H
AA,BD,CE,DD,EB,FE,GD,HB,IA,JD,F
AA,BE,CE,DD,ED,FD,GE,HA,IE,JE,I
AC,BA,CD,DE,EE,FA,GE,HD,IE,JE,Y
AE,BE,CA,DE,EC,FD,GC,HB,IB,JA,A
AD,BC,CA,DA,EB,FD,GD,HD,ID,JA,H
AE,BC,CD,DB,EA,FC,GA,HA,IA,JC,D
AB,BB,CC,DB,EB,FC,GC,HE,ID,JC,A
AD,BB,CB,DD,EB,FC,GA,HD,IA,JC,G
AD,BB,CB,DB,EB,FC,GC,HD,IA,JA,F
AB,BA,CB,DC,EC,FC,GD,HC,ID,JC,A
AA,BE,CE,DC,EA,FB,GB,HC,ID,JE,X
AA,BE,CC,DB,ED,FC,GE,HD,IE,JB,I
AB,BA,CA,DB,EB,FD,GD,HD,IA,JA,A
AD,BB,CB,DB,EB,FC,GA,HA,IC,JC,F
AE,BA,CD,DC,EC,FE,GA,HC,ID,JD,A
AC,BE,CD,DD,EB,FD,GA,HE,IA,JC,F
AE,BB,CB,DA,EB,FA,GC,HA,IC,JB,A
AA,BD,CB,DB,ED,FE,GE,HA,IE,JD,I
AA,BC,CC,DB,EB,FC,GB,HD,IC,JC,F
AD,BD,CC,DA,EB,FB,GC,HD,IB,JE,A
AC,BB,CD,DB,EC,FB,GE,HA,IB,JD,G
AA,BA,CA,DC,EB,FE,GD,HD,IC,JD,F
AB,BA,CA,DC,EB,FD,GC,HA,IA,JA,A
AC,BB,CB,DB,EA,FD,GD,HB,IB,JA,A
AE,BA,CA,DD,EB,FA,GE,HB,IB,JB,A
AE,BE,CB,DC,EA,FC,GD,HE,ID,JC,F
AD,BB,CA,DD,EC,FE,GE,HC,ID,JD,E
AD,BA,CA,DB,EA,FE,GD,HB,IC,JD,F
AB,BA,CC,DD,EC,FD,GB,HD,IA,JA,A
AE,BC,CE,DA,EB,FE,GC,HA,IE,JD,E
AB,BB,CC,DE,EB,FB,GD,HB,IB,JE,A
AA,BD,CB,DC,EB,FC,GA,HA,IA,JC,A
AB,BE,CA,DB,EB,FC,GD,HC,ID,JC,F
AE,BD,CA,DD,EC,FE,GD,HB,IE,JD,E
AA,BA,CA,DD,EC,FE,GA,HC,ID,JD,A
AD,BC,CB,DC,EB,FD,GA,HD,IB,JA,F
AD,BB,CC,DC,EC,FB,GB,HC,ID,JE,G
AA,BC,CD,DC,EC,FC,GA,HD,IA,JC,H
AE,BC,CE,DD,EC,FA,GE,HE,ID,JD,A
AB,BD,CD,DC,EA,FA,GB,HA,IB,JA,A
AA,BE,CC,DC,ED,FE,GE,HA,IE,JA,I
AE,BE,CE,DE,EA,FB,GB,HA,IE,JE,X
AB,BD,CE,DD,EA,FE,GD,HB,IE,JD,F
AE,BE,CD,DA,EB,FB,GA,HD,IA,JE,E
AA,BC,CE,DD,EA,FA,GC,HA,IA,JB,A
AD,BB,CB,DA,EB,FB,GD,HC,ID,JE,A
AA,BC,CC,DA,ED,FE,GE,HB,IE,JC,I
AA,BC,CC,DD,EA,FC,GC,HC,ID,JC,A
AA,BE,CB,DA,ED,FD,GE,HD,IE,JE,I
AC,BB,CE,DA,EB,FD,GD,HE,IA,JA,H
AC,BB,CE,DC,EB,FA,GE,HD,IB,JB,A
AB,BE,CA,DD,EC,FB,GD,HE,ID,JE,F
AA,BC,CC,DE,EC,FA,GE,HD,IC,JD,A
AC,BB,CC,DA,EC,FB,GD,HE,IB,JE,F
AB,BC,CA,DD,EB,FB,GB,HC,ID,JE,H
AB,BC,CE,DD,EA,FE,GB,HE,IA,JD,A
AB,BB,CB,DA,EA,FE,GC,HE,ID,JD,A
AC,BC,CC,DE,EB,FB,GD,HA,IC,JE,A
AB,BC,CE,DD,EA,FC,GC,HD,IC,JA,A
AA,BA,CA,DC,EB,FA,GB,HC,IC,JA,F
AE,BC,CE,DA,EB,FD,GC,HA,IE,JA,E
AB,BD,CA,DE,EB,FD,GD,HD,ID,JA,A
AA,BC,CE,DC,EB,FC,GC,HD,ID,JC,A
AE,BB,CD,DE,EA,FB,GD,HD,IC,JE,D
AA,BA,CA,DC,EB,FC,GC,HE,ID,JC,F
AA,BD,CB,DB,ED,FA,GE,HD,IE,JE,I
AB,BA,CE,DE,EC,FA,GA,HD,IB,JB,A
AE,BE,CA,DE,EA,FB,GE,HB,IE,JE,Y
AC,BB,CA,DD,EC,FD,GD,HA,IE,JA,D
AE,BA,CD,DA,EE,FB,GE,HA,IE,JE,X
AC,BD,CB,DB,EB,FC,GA,HB,IA,JC,A
AB,BA,CE,DE,EC,FC,GA,HE,ID,JC,A
AC,BE,CD,DD,EA,FD,GD,HD,IB,JA,F
AE,BA,CB,DD,EC,FB,GC,HC,ID,JE,A
AA,BC,CB,DB,EB,FB,GB,HC,ID,JE,A
AC,BC,CA,DA,EB,FD,GE,HA,IA,JA,A
AE,BA,CD,DE,EE,FC,GE,HA,IE,JB,X
AD,BD,CA,DD,EB,FC,GA,HE,IC,JC,H
AA,BC,CC,DE,EB,FB,GB,HD,IB,JE,A
AB,BD,CC,DE,EB,FD,GA,HA,IC,JA,F
AA,BC,CC,DC,EB,FE,GA,HD,IB,JD,F
AC,BB,CE,DD,EC,FE,GA,HE,IB,JD,G
AB,BB,CB,DD,EB,FA,GD,HA,IC,JB,F
AD,BA,CD,DE,EB,FB,GA,HB,IB,JB,A
AB,BD,CA,DD,EB,FC,GB,HD,IC,JD,F
AE,BA,CA,DA,EB,FA,GC,HD,IE,JE,E
AC,BA,CE,DD,EB,FC,GA,HE,IB,JC,F
AE,BB,CB,DA,EB,FD,GD,HE,ID,JA,A
AE,BA,CD,DA,EB,FC,GC,HA,IE,JC,E
AA,BD,CE,DE,ED,FD,GE,HA,IE,JE,I
AC,BE,CE,DE,EB,FA,GC,HA,IA,JB,A
AE,BB,CC,DA,EC,FE,GB,HA,ID,JD,A
AC,BD,CB,DD,EB,FE,GA,HA,IE,JD,E
AC,BC,CE,DE,EB,FB,GC,HD,IA,JE,A
AA,BB,CC,DC,EB,FA,GD,HC,ID,JA,G
AA,BC,CC,DB,EB,FD,GD,HD,IB,JA,F
AC,BD,CA,DE,EA,FB,GD,HA,IE,JE,X
AD,BC,CE,DB,EB,FE,GC,HC,ID,JD,A
AC,BC,CD,DE,EC,FD,GA,HA,IA,JC,W
AA,BA,CE,DB,EB,FC,GA,HB,IB,JC,F
AD,BC,CA,DC,EC,FA,GD,HA,IA,JB,A
AA,BD,CD,DA,EC,FC,GA,HB,IA,JC,E
AE,BE,CD,DE,EE,FE,GB,HA,IE,JD,Y
AA,BA,CC,DB,ED,FE,GE,HE,IE,JD,I
AA,BB,CC,DA,EB,FC,GC,HA,IC,JC,F
AE,BD,CA,DE,EA,FD,GD,HA,IE,JA,E
AC,BA,CB,DC,EC,FE,GD,HC,ID,JD,C
AB,BA,CE,DE,EC,FA,GB,HA,IA,JB,A
AA,BD,CC,DC,EB,FB,GA,HC,IB,JE,A
AB,BC,CE,DE,EB,FA,GC,HB,IB,JB,A
AA,BB,CB,DE,EB,FC,GC,HB,IB,JC,A
AC,BD,CE,DB,EB,FD,GA,HA,IB,JA,F
AA,BC,CC,DA,EB,FA,GB,HD,IB,JB,A
AA,BE,CC,DC,ED,FE,GE,HD,IE,JD,I
AD,BB,CC,DA,EB,FA,GD,HB,IC,JB,F
AC,BA,CE,DB,EB,FB,GB,HE,IC,JE,A
AE,BD,CA,DE,EA,FB,GB,HE,IA,JE,X
AB,BE,CA,DB,EB,FC,GB,HD,IC,JD,A
AE,BE,CB,DC,EA,FE,GC,HC,ID,JD,F
AE,BE,CA,DA,EA,FD,GC,HA,IA,JA,E
AB,BE,CE,DB,EB,FA,GB,HE,IC,JB,A
AD,BA,CD,DB,EB,FA,GA,HD,IB,JB,A
AD,BA,CE,DD,EB,FC,GC,HE,IC,JC,F
AD,BC,CD,DB,EB,FA,GB,HE,IA,JA,H
AE,BA,CD,DC,EB,FC,GB,HE,ID,JD,E
AA,BA,CB,DA,EC,FE,GE,HC,ID,JD,I
AD,BD,CB,DD,EB,FD,GB,HA,IE,JC,A
AD,BD,CB,DC,EC,FE,GD,HE,IC,JD,A
AE,BE,CA,DE,EC,FA,GE,HA,IE,JB,E
AD,BC,CE,DD,EB,FE,GC,HD,IE,JD,H
AB,BA,CE,DA,EB,FC,GC,HE,ID,JC,F
AB,BD,CD,DB,EA,FE,GD,HE,IB,JD,A
AD,BB,CB,DB,EB,FC,GE,HE,IC,JA,A
AA,BE,CE,DD,ED,FD,GE,HC,IE,JB,I
AE,BB,CB,DB,EC,FE,GE,HA,ID,JD,Y
AC,BB,CE,DB,EB,FE,GA,HC,ID,JD,G
AD,BC,CA,DB,EB,FD,GA,HD,IC,JC,H
AC,BD,CE,DE,EB,FB,GA,HC,ID,JB,A
AD,BC,CA,DE,EA,FC,GB,HA,IE,JC,X
AB,BA,CA,DA,EB,FD,GE,HD,ID,JB,A
AB,BE,CA,DC,EB,FE,GE,HE,IC,JC,F
AC,BB,CB,DB,EA,FC,GD,HB,IA,JC,A
AD,BE,CA,DE,EA,FE,GE,HC,ID,JD,A
AB,BD,CC,DD,EB,FA,GB,HC,IC,JC,E
AD,BC,CA,DE,EA,FB,GC,HE,IA,JE,X
AA,BC,CB,DA,EA,FB,GD,HD,ID,JE,A
AA,BB,CC,DC,EB,FE,GB,HD,IA,JD,G
AE,BD,CB,DA,EC,FA,GE,HA,IE,JE,X
AD,BC,CE,DE,EB,FD,GB,HE,ID,JA,A
AD,BC,CE,DC,EA,FE,GD,HC,IA,JD,H
AA,BE,CD,DD,EA,FC,GA,HE,IB,JC,D
AE,BC,CE,DE,EC,FB,GB,HB,IA,JE,W
AC,BE,CA,DD,EA,FE,GB,HE,IE,JD,E
AA,BC,CE,DC,EC,FD,GC,HC,IB,JA,A
AE,BA,CB,DC,EC,FE,GD,HA,ID,JD,F
AC,BE,CA,DA,EA,FA,GB,HD,IC,JB,F
AB,BB,CC,DB,EC,FC,GA,HA,IE,JC,A
AC,BE,CE,DE,EB,FD,GA,HA,IC,JA,A
AD,BB,CB,DC,EB,FC,GC,HB,IA,JC,A
AC,BC,CB,DA,EB,FB,GA,HD,IB,JE,F
AC,BD,CA,DE,EA,FB,GA,HB,IE,JE,X
AE,BE,CD,DD,EB,FC,GD,HB,IE,JC,E
AE,BE,CB,DC,EB,FB,GE,HC,ID,JE,D
AE,BC,CE,DD,EB,FC,GD,HD,IE,JC,E
AD,BD,CE,DD,EA,FB,GB,HE,IB,JB,F
AB,BC,CE,DE,EB,FA,GE,HA,IC,JE,A
AB,BC,CA,DD,EB,FE,GC,HB,IE,JD,H
AB,BA,CC,DC,EB,FB,GD,HD,IC,JE,A
AE,BD,CE,DD,EB,FB,GD,HE,IA,JE,C
AE,BC,CD,DE,EB,FB,GC,HB,IE,JE,E
AD,BD,CB,DD,EB,FA,GC,HB,IA,JB,A
AE,BB,CC,DE,EE,FB,GC,HE,ID,JE,F
AC,BB,CE,DC,EB,FB,GC,HC,ID,JE,A
AD,BD,CD,DC,EC,FC,GD,HA,IA,JC,E
AA,BE,CC,DD,ED,FB,GE,HC,ID,JE,I
AB,BC,CC,DC,EC,FE,GE,HC,ID,JD,F
AD,BC,CE,DA,EB,FB,GB,HA,IA,JB,H
AD,BB,CB,DD,EC,FD,GA,HB,IE,JC,A
AA,BE,CC,DA,ED,FE,GE,HD,IE,JA,I
AC,BE,CD,DE,EE,FD,GE,HB,IA,JB,Y
AA,BC,CC,DA,EA,FD,GA,HB,IB,JA,A
AB,BD,CD,DB,EA,FD,GB,HC,ID,JA,A
AE,BC,CA,DA,EC,FE,GD,HB,IE,JD,E
AD,BD,CA,DE,EB,FA,GA,HA,IC,JB,A
AA,BB,CE,DC,EB,FD,GA,HA,IA,JA,F
AA,BA,CC,DB,ED,FE,GE,HC,IE,JD,I
AA,BD,CB,DC,EB,FD,GA,HE,IB,JA,A
AE,BE,CD,DA,EC,FA,GA,HD,ID,JB,E
AC,BC,CE,DB,EB,FD,GA,HE,IC,JA,H
AB,BB,CC,DA,EB,FC,GD,HD,IB,JC,A
AD,BB,CB,DA,EC,FD,GD,HB,IA,JA,F
AD,BB,CB,DA,EC,FC,GC,HA,IA,JC,F
AB,BB,CB,DB,EB,FB,GA,HA,IE,JB,A
AA,BE,CB,DB,ED,FA,GE,HE,IE,JE,I
AC,BD,CB,DD,EB,FE,GA,HA,IE,JD,E
AE,BA,CB,DC,EC,FE,GE,HA,ID,JD,F
AA,BC,CC,DE,EB,FA,GA,HB,IC,JB,A
AA,BC,CC,DA,EA,FD,GC,HC,ID,JA,A
AD,BA,CE,DD,EB,FD,GD,HE,IC,JC,F
AE,BE,CD,DA,EC,FD,GA,HB,IC,JA,E
AC,BB,CC,DB,EB,FB,GC,HD,IC,JE,A
AD,BB,CB,DA,EA,FD,GC,HB,IC,JA,A
AE,BC,CA,DC,EC,FC,GB,HD,IE,JD,D
AD,BB,CC,DB,EB,FB,GA,HC,ID,JE,G
AE,BA,CD,DA,EE,FD,GE,HB,IE,JB,Y
AB,BB,CB,DD,EB,FE,GC,HD,IC,JC,F
AA,BA,CB,DA,ED,FA,GE,HA,IE,JE,I
AC,BC,CA,DA,EA,FA,GB,HA,IE,JA,X
AC,BB,CB,DA,EB,FA,GD,HE,IB,JB,F
AB,BC,CD,DA,EC,FB,GC,HE,IA,JE,A
AE,BD,CE,DD,EB,FC,GC,HC,IB,JA,C
AC,BA,CB,DD,EC,FB,GC,HE,IC,JE,A
AB,BB,CC,DC,EC,FE,GA,HD,IC,JD,G
AA,BA,CD,DD,EB,FC,GD,HD,IB,JC,F
AE,BC,CA,DE,EC,FC,GD,HA,ID,JC,A
AD,BD,CA,DC,EB,FD,GA,HB,IC,JC,F
AC,BE,CD,DB,EA,FD,GD,HB,IA,JA,A
AE,BD,CA,DB,EA,FD,GA,HE,IC,JA,D
AA,BB,CE,DD,EA,FD,GC,HB,IC,JA,A
AB,BE,CA,DA,EC,FD,GE,HC,ID,JA,A
AE,BE,CD,DE,EE,FA,GE,HB,IE,JE,X
AA,BE,CC,DB,ED,FE,GE,HD,IE,JC,I
AD,BC,CC,DB,EB,FD,GC,HE,ID,JB,A
AC,BA,CA,DD,EB,FE,GA,HE,IE,JD,H
AE,BE,CA,DE,EC,FB,GB,HC,ID,JE,E
AA,BC,CE,DB,EB,FD,GB,HD,IA,JA,A
AD,BD,CA,DE,EC,FD,GD,HB,IB,JA,F
AB,BE,CB,DC,EE,FA,GA,HE,IB,JB,A
AC,BE,CB,DC,EC,FB,GE,HC,ID,JE,A
AE,BE,CD,DE,EE,FB,GE,HD,IE,JE,Y
AB,BE,CD,DD,EC,FD,GA,HE,IB,JA,A
AA,BC,CE,DC,EC,FE,GE,HA,ID,JD,F
AC,BA,CB,DD,EC,FB,GE,HE,IB,JE,A
AB,BB,CE,DD,EB,FA,GB,HB,IB,JA,A
AB,BC,CC,DB,EA,FD,GD,HD,IC,JA,F
AE,BD,CD,DE,EE,FA,GE,HA,IE,JE,X
AD,BD,CD,DB,EA,FD,GB,HE,IC,JA,A
AE,BC,CB,DD,EC,FD,GE,HD,IC,JE,I
AB,BE,CB,DC,EE,FD,GA,HB,IB,JA,A
AB,BE,CA,DD,EB,FC,GC,HE,ID,JC,F
AB,BE,CD,DA,EA,FD,GA,HD,IC,JA,F
AB,BE,CA,DA,EB,FA,GD,HD,IB,JB,A
AB,BD,CE,DB,EB,FB,GA,HC,IB,JE,A
AB,BB,CB,DC,EB,FE,GC,HE,IA,JD,G
AD,BE,CA,DB,EC,FD,GD,HE,IB,JA,A
AC,BC,CE,DA,EA,FA,GA,HE,IA,JA,H
AC,BB,CC,DB,EB,FC,GD,HB,IA,JC,F
AC,BD,CE,DA,EB,FD,GD,HB,IA,JA,A
AA,BD,CC,DD,EE,FE,GE,HC,IC,JD,I
AE,BB,CC,DA,EC,FC,GA,HA,ID,JD,A
AA,BD,CB,DB,ED,FD,GE,HE,IE,JE,I
AA,BD,CA,DD,EA,FC,GB,HE,ID,JD,A
AE,BD,CA,DD,EC,FE,GA,HE,IB,JD,E
AA,BA,CC,DD,ED,FC,GE,HE,IE,JA,I
AB,BE,CD,DE,EC,FD,GC,HA,IA,JB,A
AE,BD,CB,DD,EC,FA,GA,HD,IB,JB,D
AD,BB,CB,DB,EB,FD,GD,HD,ID,JA,A
AD,BB,CB,DD,EA,FC,GD,HE,ID,JD,A
AD,BC,CE,DB,EB,FC,GA,HB,IC,JD,F
AE,BB,CE,DE,EE,FB,GE,HD,IE,JE,Y
AB,BD,CD,DC,EA,FD,GB,HE,ID,JC,A
AC,BE,CC,DC,EA,FE,GB,HC,ID,JD,X
AD,BC,CE,DA,EB,FE,GA,HA,IA,JD,H
AC,BE,CE,DD,EC,FE,GA,HC,ID,JD,E
AE,BD,CE,DE,EB,FA,GA,HB,IE,JB,X
AB,BB,CB,DD,EB,FE,GE,HE,IC,JC,F
AC,BA,CD,DE,EE,FD,GE,HB,IE,JE,Y
AE,BC,CD,DB,EA,FC,GB,HA,IA,JD,D
AC,BD,CE,DA,EB,FA,GD,HC,ID,JB,F
AA,BE,CB,DC,EC,FA,GE,HA,IE,JE,I
AA,BB,CC,DD,EB,FC,GC,HD,IA,JC,A
AB,BC,CA,DC,EB,FE,GA,HD,IB,JD,F
AA,BC,CA,DC,EA,FC,GB,HE,ID,JC,A
AC,BA,CB,DD,EC,FB,GD,HD,IC,JB,A
AB,BA,CA,DD,EB,FB,GB,HC,IB,JE,A
AE,BE,CD,DA,EB,FC,GD,HD,IA,JC,E
AD,BD,CE,DB,EB,FC,GC,HE,IB,JC,F
AE,BE,CA,DB,EC,FD,GC,HB,IC,JA,A
AE,BA,CD,DE,EE,FB,GE,HD,IB,JE,Y
AB,BC,CE,DB,EA,FD,GA,HD,IB,JA,A
AD,BA,CE,DD,EB,FB,GC,HE,ID,JE,F
AB,BA,CE,DE,EC,FB,GB,HA,IE,JE,A
AE,BD,CD,DE,EE,FC,GE,HA,IE,JB,Y
AB,BB,CC,DA,EA,FA,GA,HB,IC,JB,A
AE,BE,CC,DA,EA,FD,GC,HA,IA,JA,E
AB,BA,CE,DE,EA,FA,GC,HA,IA,JB,A
AD,BB,CD,DB,EC,FE,GB,HA,ID,JD,A
AB,BE,CA,DD,EC,FC,GE,HD,IB,JD,F
AB,BB,CB,DB,EB,FD,GD,HD,IC,JA,F
AE,BA,CC,DE,EB,FA,GD,HD,IC,JB,A
AD,BC,CE,DD,EB,FE,GD,HC,ID,JD,G
AD,BC,CA,DE,EA,FB,GD,HE,IE,JE,X
AA,BB,CC,DB,EC,FA,GC,HB,IB,JB,F
AD,BD,CD,DB,EA,FC,GA,HB,IE,JC,A
AA,BA,CC,DB,ED,FB,GE,HC,IA,JE,I
AC,BA,CE,DB,EB,FB,GC,HC,ID,JE,F
AB,BA,CE,DE,EC,FD,GD,HA,IE,JA,A
AB,BE,CD,DB,EB,FD,GA,HD,IB,JA,A
AA,BE,CE,DA,ED,FD,GE,HD,IE,JA,I
AE,BE,CD,DC,EC,FE,GE,HC,IA,JD,E
AB,BA,CA,DC,EB,FE,GC,HE,IB,JD,F
AD,BD,CA,DD,EB,FE,GD,HE,IB,JD,H
AD,BA,CE,DD,EB,FC,GD,HD,IC,JD,A
AE,BD,CC,DA,EC,FC,GE,HD,IE,JB,I
AA,BD,CC,DC,EB,FC,GA,HE,IB,JC,A
AB,BA,CA,DA,EB,FA,GB,HC,IA,JA,F
AD,BA,CB,DC,EA,FA,GC,HC,IC,JB,C
AC,BD,CD,DE,EB,FB,GD,HD,IA,JE,E
AA,BE,CB,DB,ED,FB,GE,HE,IE,JE,I
AC,BB,CB,DE,EA,FD,GD,HC,ID,JA,A
AE,BD,CE,DD,EB,FD,GD,HE,IA,JA,E
AB,BC,CA,DC,EB,FD,GA,HD,IC,JA,A
AD,BC,CA,DD,EB,FC,GA,HD,IA,JD,H
AE,BC,CA,DC,EC,FE,GE,HE,ID,JD,D
AA,BA,CB,DA,ED,FD,GE,HA,IE,JA,I
AA,BB,CC,DA,EB,FD,GD,HA,IC,JA,F
AA,BC,CC,DE,EB,FB,GB,HD,ID,JB,A
AC,BA,CA,DB,EB,FC,GD,HD,IE,JC,A
AC,BB,CB,DD,EB,FB,GB,HE,IB,JB,A
AD,BC,CC,DB,EB,FD,GD,HC,ID,JA,A
AC,BE,CD,DE,EE,FB,GE,HD,IC,JE,Y
AD,BB,CB,DE,EB,FB,GD,HA,IC,JE,F
AD,BE,CA,DB,EA,FB,GB,HC,IC,JE,A
AE,BB,CB,DC,EC,FA,GB,HE,IA,JB,A
AD,BB,CB,DB,EB,FE,GA,HE,IA,JD,F
AE,BE,CC,DE,EB,FA,GE,HA,IA,JB,A
AD,BE,CB,DB,EA,FE,GC,HB,ID,JD,A
AE,BC,CA,DE,EC,FC,GA,HA,ID,JC,A
AD,BB,CC,DB,EB,FB,GD,HC,ID,JE,G
AA,BD,CA,DB,EB,FC,GB,HD,IE,JC,H
AA,BD,CE,DE,ED,FD,GE,HA,IE,JE,I
AD,BB,CE,DC,EA,FB,GD,HE,ID,JE,A
AE,BD,CE,DD,EB,FD,GC,HE,IA,JB,E
AD,BB,CB,DE,EB,FC,GD,HE,ID,JC,A
AD,BA,CE,DD,EB,FC,GD,HB,IE,JC,A
AD,BD,CD,DA,EB,FD,GA,HE,ID,JA,A
AA,BD,CE,DD,EB,FD,GB,HB,IA,JC,F
AD,BE,CB,DB,EA,FB,GE,HC,ID,JE,A
AC,BE,CD,DE,EE,FE,GB,HA,IE,JC,Y
AC,BC,CE,DA,EA,FC,GA,HB,IE,JC,H
AD,BC,CA,DA,EE,FA,GB,HE,IB,JA,A
AC,BB,CB,DE,EA,FB,GC,HD,IC,JE,A
AE,BE,CD,DE,EE,FD,GE,HA,IE,JE,X
AB,BB,CC,DA,EB,FD,GB,HB,IC,JC,A
AC,BE,CD,DB,EB,FE,GE,HB,IC,JC,F
AA,BB,CC,DC,EB,FC,GA,HE,IA,JC,G
AB,BD,CA,DE,EB,FA,GD,HB,IA,JB,A
AC,BD,CD,DE,EB,FD,GB,HC,IB,JD,A
AD,BA,CA,DB,EA,FE,GA,HB,IC,JD,F
AD,BC,CA,DB,EB,FE,GD,HA,IA,JD,H
AE,BD,CB,DD,EB,FC,GA,HD,IA,JC,E
AD,BE,CD,DB,EB,FD,GB,HE,ID,JC,A
AD,BD,CE,DE,EA,FA,GA,HD,ID,JB,A
AA,BC,CE,DC,EC,FE,GB,HC,ID,JD,F
AA,BE,CC,DC,ED,FE,GE,HA,IE,JA,I
AA,BB,CB,DE,EB,FD,GD,HA,IC,JA,A
AD,BE,CB,DC,EB,FB,GB,HE,IC,JE,A
AD,BE,CD,DE,EB,FA,GA,HD,IB,JB,A
AD,BC,CB,DD,EC,FD,GD,HC,IC,JA,A
AC,BA,CA,DA,EA,FB,GD,HE,ID,JE,F
AC,BA,CA,DA,EA,FE,GC,HA,IB,JC,F
AD,BB,CB,DB,EA,FC,GA,HA,IE,JC,G
AA,BC,CE,DD,EA,FC,GC,HA,IC,JC,A
AA,BD,CE,DD,EE,FE,GE,HB,IE,JC,I
AD,BB,CB,DD,EB,FE,GA,HB,IE,JD,G
AD,BD,CA,DB,EB,FA,GB,HE,IA,JA,H
AE,BD,CB,DD,EC,FA,GC,HE,IC,JB,A
AD,BA,CE,DD,EB,FD,GD,HB,IA,JA,F
AD,BE,CB,DB,EA,FE,GE,HE,ID,JD,A
AE,BA,CD,DB,EB,FE,GD,HA,IE,JD,E
AD,BB,CC,DA,EB,FC,GC,HB,IB,JC,F
AE,BA,CD,DA,EA,FA,GD,HD,IA,JB,C
AA,BA,CB,DA,EE,FE,GE,HA,IE,JC,I
AA,BD,CC,DC,EB,FE,GE,HC,ID,JD,A
AB,BA,CA,DE,EB,FD,GA,HB,IA,JA,A
AE,BD,CE,DA,EA,FD,GA,HB,IE,JA,E
AB,BE,CD,DE,EB,FE,GD,HD,ID,JD,F
AC,BA,CB,DC,EA,FA,GD,HD,IA,JB,D
AA,BA,CB,DA,EC,FE,GE,HB,IE,JC,I
AD,BE,CD,DB,EA,FA,GA,HB,IC,JB,A
AA,BA,CD,DB,EC,FE,GC,HB,ID,JD,F
AB,BA,CD,DB,EB,FA,GC,HE,IC,JB,A
AA,BD,CD,DA,EC,FC,GE,HA,IC,JD,E
AE,BD,CA,DB,EA,FC,GC,HA,IE,JC,D
AB,BC,CE,DA,EB,FD,GB,HB,IC,JA,A
AD,BC,CA,DA,EB,FC,GE,HD,IA,JA,H
AA,BD,CB,DD,EB,FB,GA,HC,IB,JE,A
AC,BA,CE,DB,EB,FD,GD,HD,IB,JA,F
AA,BC,CE,DC,EB,FC,GC,HE,ID,JC,A
AE,BE,CD,DE,EE,FD,GE,HA,IE,JB,Y
AB,BC,CB,DB,EB,FA,GA,HE,IC,JB,A
AB,BB,CC,DB,EB,FC,GD,HE,ID,JC,A
AB,BA,CA,DE,EB,FC,GA,HD,IB,JC,A
AC,BD,CC,DA,EB,FC,GB,HA,IE,JD,X
AB,BE,CA,DA,EC,FD,GD,HB,IB,JA,A
AD,BA,CA,DB,EB,FE,GA,HD,ID,JD,F
AC,BE,CD,DE,EC,FB,GE,HC,ID,JE,D
AE,BB,CC,DA,EC,FA,GA,HD,IA,JB,E
AD,BD,CD,DC,EC,FD,GD,HA,IC,JA,E
AB,BA,CA,DB,EB,FE,GD,HC,ID,JD,A
AC,BE,CD,DC,EA,FC,GA,HE,IE,JC,X
AB,BE,CA,DA,EB,FD,GE,HB,IB,JD,A
AB,BC,CE,DD,EB,FE,GD,HB,IC,JD,A
AE,BD,CC,DA,EC,FD,GE,HC,ID,JE,I
AD,BD,CA,DA,EB,FD,GA,HA,IA,JC,H
AC,BD,CD,DE,EB,FC,GE,HD,ID,JD,A
AD,BD,CB,DC,EC,FC,GA,HE,IB,JD,A
AB,BE,CA,DD,EB,FD,GE,HD,IB,JB,F
AC,BB,CB,DD,EB,FB,GC,HC,IB,JE,A
AD,BE,CD,DB,EA,FA,GD,HB,IA,JB,A
AE,BB,CE,DE,EE,FA,GE,HC,ID,JE,Y
AD,BD,CD,DC,EC,FC,GD,HA,IB,JC,E
AC,BD,CD,DE,EB,FB,GB,HE,IB,JE,A
AE,BD,CE,DA,EA,FD,GA,HA,IE,JA,E
AC,BD,CD,DE,EE,FE,GE,HA,IE,JA,Y
AA,BD,CA,DB,EC,FD,GA,HC,IB,JC,A
AA,BE,CD,DA,EB,FD,GD,HE,ID,JA,A
AB,BE,CD,DA,EA,FB,GD,HC,IB,JE,F
AC,BB,CC,DB,EB,FB,GA,HD,IC,JE,A
AD,BE,CD,DE,EA,FA,GD,HD,ID,JB,A
AA,BD,CB,DD,EC,FD,GD,HE,ID,JA,A
AD,BE,CD,DE,EA,FB,GE,HE,IB,JE,A
AA,BE,CC,DB,ED,FA,GD,HC,IA,JA,I
AE,BB,CC,DD,EB,FE,GC,HD,IA,JD,E
AB,BB,CC,DC,EC,FC,GB,HD,IB,JD,G
AC,BC,CE,DB,EB,FA,GA,HE,ID,JA,H
AD,BD,CC,DA,EB,FA,GB,HB,IC,JB,A
AE,BC,CB,DA,EC,FB,GB,HA,IE,JE,X
AB,BA,CC,DD,EC,FB,GB,HE,IB,JE,A
AA,BE,CD,DD,EA,FC,GC,HE,IC,JC,D
AA,BB,CD,DC,EC,FE,GC,HC,ID,JD,A
AA,BD,CC,DD,EB,FC,GA,HC,ID,JC,A
AB,BE,CA,DD,EB,FB,GC,HC,IB,JE,F
AA,BA,CD,DB,EC,FE,GE,HB,ID,JD,F
AB,BC,CC,DB,EB,FE,GD,HE,ID,JD,A
AE,BB,CB,DA,EB,FB,GD,HB,IA,JE,A
AE,BE,CA,DA,EA,FC,GD,HD,IE,JC,E
AD,BD,CC,DA,EB,FB,GD,HE,IB,JE,A
AD,BB,CB,DD,EB,FE,GA,HD,IA,JD,G
AB,BE,CB,DC,EE,FA,GA,HD,IB,JB,A
AD,BC,CD,DE,EA,FD,GA,HA,IE,JA,X
AB,BE,CA,DA,EB,FC,GC,HA,IC,JC,F
AA,BB,CD,DC,EC,FC,GC,HD,ID,JC,A
AD,BA,CD,DE,EB,FA,GD,HA,IA,JB,A
AE,BE,CD,DC,EC,FB,GD,HC,ID,JE,E
AB,BB,CB,DA,EA,FC,GC,HA,IB,JC,A
AD,BC,CC,DB,EB,FD,GE,HD,ID,JA,A
AA,BD,CB,DE,EB,FC,GD,HA,IC,JC,A
AC,BB,CC,DA,EB,FD,GC,HD,IC,JA,F
AE,BD,CA,DB,EA,FA,GB,HD,IA,JB,D
AC,BD,CD,DE,EE,FC,GE,HA,IE,JB,Y
AD,BA,CA,DA,EB,FC,GC,HC,ID,JC,A
AB,BA,CA,DE,EB,FB,GA,HD,IC,JE,A
AE,BC,CE,DD,EB,FA,GB,HE,IA,JA,E
AB,BA,CD,DE,EB,FD,GB,HE,IB,JC,A
AB,BE,CD,DE,EB,FB,GD,HB,IC,JE,A
AA,BA,CB,DA,EC,FE,GE,HD,IE,JD,I
AD,BC,CB,DC,EC,FB,GD,HB,IB,JE,F
AD,BE,CB,DE,EC,FB,GD,HE,IC,JE,A
AC,BB,CD,DB,EC,FB,GD,HB,IA,JB,G
AC,BA,CD,DA,EB,FC,GD,HB,IB,JC,A
AE,BD,CD,DE,EE,FB,GE,HA,IE,JE,X
AD,BB,CE,DE,EB,FD,GA,HA,IA,JA,A
AD,BE,CA,DD,EB,FB,GA,HC,ID,JE,A
AC,BD,CE,DB,EB,FC,GD,HA,IA,JC,F
AC,BA,CD,DA,EB,FB,GA,HE,IC,JE,A
AE,BD,CD,DC,EC,FE,GD,HD,IA,JD,E
AA,BD,CC,DD,ED,FE,GE,HC,IE,JA,I
AA,BC,CC,DE,EC,FA,GD,HB,IC,JB,A
AB,BE,CD,DA,EA,FC,GC,HA,IA,JC,F
AB,BE,CA,DA,EC,FE,GA,HC,IE,JD,A
AB,BA,CE,DA,EB,FD,GE,HC,IB,JA,F
AC,BE,CA,DA,EB,FC,GD,HB,IC,JC,E
AC,BC,CD,DE,EC,FD,GD,HB,ID,JA,A
AC,BD,CC,DB,EB,FB,GB,HC,IB,JB,F
AD,BE,CA,DD,EB,FB,GB,HC,ID,JE,A
AA,BC,CC,DA,ED,FC,GE,HB,IE,JA,I
AD,BA,CD,DA,EC,FB,GB,HE,IB,JB,A
AE,BE,CB,DD,EB,FB,GA,HC,ID,JE,A
AE,BE,CA,DA,EA,FC,GD,HA,IE,JC,E
AB,BE,CA,DB,EB,FD,GC,HE,IB,JB,F
AB,BB,CC,DA,EA,FB,GB,HD,IC,JB,A
AA,BA,CB,DC,EC,FE,GD,HB,IC,JD,A
AD,BB,CB,DB,EB,FD,GB,HD,IC,JC,A
AD,BC,CA,DA,EB,FD,GD,HA,IA,JA,H
AD,BD,CD,DB,EA,FD,GB,HB,IA,JC,A
AA,BE,CD,DC,EB,FD,GC,HC,IB,JA,F
AB,BE,CE,DB,EA,FD,GA,HD,ID,JC,A
AA,BB,CC,DC,EB,FC,GA,HE,IA,JC,G
AD,BA,CD,DE,EB,FA,GA,HB,IC,JB,A
AA,BE,CC,DD,ED,FE,GE,HC,IC,JD,I
AD,BD,CA,DB,EB,FD,GA,HD,IC,JA,F
AE,BD,CE,DA,EB,FB,GC,HB,IA,JE,E
AB,BC,CA,DC,EB,FE,GB,HB,IE,JD,H
AA,BB,CB,DE,EB,FD,GA,HA,IA,JC,A
AA,BE,CE,DD,ED,FE,GE,HD,IE,JD,I
AA,BC,CC,DA,ED,FE,GE,HA,IE,JC,I
AD,BC,CA,DC,EC,FB,GB,HA,IA,JE,A
AC,BE,CD,DB,EA,FE,GC,HE,IB,JD,C
AC,BA,CD,DD,EA,FE,GA,HA,IA,JD,D
AD,BA,CE,DE,EA,FB,GB,HD,IC,JE,A
AC,BE,CD,DD,EA,FE,GD,HD,IC,JD,F
AB,BC,CC,DA,EA,FD,GC,HD,ID,JB,A
AE,BE,CD,DA,EB,FB,GB,HA,IE,JB,E
AD,BB,CC,DD,EB,FE,GE,HD,IA,JD,G
AC,BD,CE,DC,EB,FC,GE,HC,IA,JA,H
AA,BA,CB,DD,EC,FE,GE,HC,IE,JD,I
AB,BE,CD,DA,EA,FD,GD,HA,IB,JA,F
AD,BE,CD,DB,EB,FD,GE,HB,IB,JA,A
AB,BA,CA,DB,EA,FD,GD,HB,IC,JC,A
AA,BA,CD,DD,EB,FC,GB,HE,IC,JD,F
AB,BD,CC,DD,EB,FC,GB,HC,IC,JD,E
AC,BA,CB,DD,EC,FB,GD,HD,IA,JE,A
AC,BB,CB,DE,EC,FB,GD,HA,IE,JE,B
AE,BB,CB,DB,EC,FA,GA,HE,ID,JB,A
AB,BC,CA,DC,EB,FD,GD,HD,IB,JC,A
AC,BD,CC,DD,EC,FC,GA,HD,IA,JC,F
AE,BC,CE,DA,EB,FE,GC,HA,IE,JD,E
AA,BB,CE,DD,EA,FE,GE,HC,ID,JC,A
AB,BA,CA,DC,EB,FB,GA,HC,IB,JE,A
AD,BB,CB,DB,EA,FD,GE,HD,IC,JD,A
AA,BE,CE,DC,EA,FA,GA,HB,IA,JA,X
AC,BA,CE,DB,EB,FC,GC,HD,IB,JC,F
AC,BD,CE,DD,EA,FA,GA,HE,IA,JA,E
AB,BC,CC,DD,EB,FD,GA,HD,IC,JA,A
AE,BB,CB,DC,EC,FB,GC,HD,IC,JE,A
AC,BA,CE,DD,EB,FC,GE,HD,IA,JC,F
AA,BA,CA,DA,EA,FD,GE,HE,ID,JA,A
AB,BE,CE,DB,EA,FB,GE,HE,IB,JD,A
AE,BD,CD,DB,EA,FD,GC,HD,IC,JA,D
AC,BE,CA,DD,EA,FD,GA,HE,IA,JA,E
AC,BC,CA,DA,EB,FD,GD,HA,IA,JA,A
AD,BB,CB,DE,EB,FD,GC,HA,IC,JA,F
AC,BC,CD,DE,EC,FB,GC,HA,IE,JE,E
AB,BC,CE,DD,EA,FE,GC,HD,IA,JD,A
AA,BA,CB,DC,ED,FE,GE,HC,ID,JD,I
AE,BA,CC,DE,EA,FD,GB,HA,IA,JC,E
AC,BD,CE,DA,EC,FB,GB,HB,IA,JE,A
AA,BD,CB,DA,ED,FA,GE,HD,IA,JE,I
AD,BE,CD,DB,EA,FA,GC,HB,IA,JE,A
AC,BA,CD,DE,EE,FE,GE,HA,IE,JA,Y
AC,BE,CD,DB,EB,FB,GB,HE,IA,JE,E
AB,BC,CE,DA,EB,FD,GD,HA,IC,JA,A
AE,BE,CD,DA,EB,FE,GC,HA,IE,JD,E
AD,BA,CE,DD,EB,FA,GB,HE,IC,JB,F
AD,BB,CB,DB,EB,FC,GC,HD,IA,JC,F
AA,BD,CD,DE,EC,FA,GC,HB,IA,JB,A
AE,BE,CC,DE,EC,FB,GB,HB,IE,JE,X
AB,BC,CC,DA,EB,FD,GC,HA,IA,JA,A
AB,BE,CA,DB,EB,FB,GD,HE,IB,JE,A
AD,BC,CA,DA,EB,FD,GA,HA,IA,JA,H
AD,BA,CE,DC,EA,FE,GE,HC,ID,JD,A
AA,BB,CB,DB,EB,FC,GA,HB,IC,JC,G
AE,BE,CA,DE,EC,FB,GB,HE,IA,JE,E
AE,BE,CE,DC,EC,FE,GE,HC,ID,JD,A
AC,BB,CB,DE,EC,FA,GA,HB,IC,JB,F
AD,BE,CD,DE,EB,FD,GC,HD,IC,JB,A
AA,BA,CC,DC,ED,FA,GE,HC,ID,JE,I
AA,BB,CC,DA,EB,FD,GA,HA,IA,JA,F
AD,BC,CA,DA,EE,FD,GD,HA,IA,JA,A
AB,BC,CA,DC,EB,FE,GC,HD,IE,JD,H
AE,BA,CD,DE,EA,FA,GD,HA,IE,JB,X
AA,BB,CB,DC,EC,FD,GD,HB,IA,JA,A
AB,BC,CC,DD,EA,FC,GD,HD,IC,JC,F
AA,BA,CA,DD,EC,FE,GC,HE,IC,JD,A
AB,BD,CE,DB,EB,FD,GD,HD,IC,JA,A
AA,BE,CC,DC,ED,FE,GE,HA,IE,JA,I
AC,BA,CE,DB,EB,FD,GE,HA,IC,JB,F
AB,BA,CC,DC,EB,FD,GD,HB,IA,JA,A
AE,BB,CC,DD,EB,FB,GB,HC,IC,JB,E
AE,BC,CD,DD,EC,FE,GA,HA,ID,JD,E
AB,BA,CE,DC,EB,FE,GC,HE,IC,JD,F
AD,BB,CB,DE,EB,FB,GB,HB,IC,JE,A
AC,BE,CD,DB,EB,FD,GC,HD,IC,JA,F
AE,BA,CE,DD,EC,FC,GA,HD,IC,JC,A
AD,BC,CD,DC,EB,FC,GA,HC,ID,JC,E
AA,BE,CE,DE,EE,FB,GB,HA,IA,JE,I
AD,BB,CA,DB,EB,FD,GC,HE,IA,JA,H
AE,BA,CD,DE,EB,FB,GB,HA,IE,JE,E
AD,BD,CE,DD,EA,FC,GE,HA,IB,JD,F
AC,BB,CC,DD,EB,FC,GC,HD,IE,JC,H
AE,BE,CA,DE,EA,FB,GE,HD,IE,JD,Y
AC,BE,CD,DD,EB,FC,GA,HE,ID,JD,F
AA,BB,CE,DC,EB,FE,GC,HE,IA,JD,A
AD,BB,CD,DB,EC,FA,GB,HC,IC,JB,A
AD,BB,CC,DA,EB,FC,GC,HA,IC,JC,F
AE,BE,CD,DA,EB,FB,GB,HE,IE,JE,E
AC,BA,CB,DD,EC,FD,GC,HB,IA,JA,A
AA,BD,CC,DD,ED,FC,GE,HC,IC,JB,I
AD,BA,CB,DC,EA,FD,GE,HC,ID,JB,C
AD,BA,CD,DA,EC,FD,GD,HB,IA,JA,A
AB,BA,CB,DB,EE,FA,GE,HD,IE,JE,I
AD,BA,CD,DA,EA,FC,GD,HD,ID,JC,F
AB,BC,CC,DC,EC,FB,GC,HA,IA,JE,F
AD,BD,CA,DE,EB,FA,GE,HA,IA,JE,A
AA,BD,CB,DC,EB,FA,GB,HB,IA,JA,A
AD,BA,CD,DA,EA,FD,GC,HD,IB,JA,F
AB,BD,CE,DE,EB,FD,GD,HD,ID,JA,A
AE,BB,CD,DA,EC,FC,GD,HB,IA,JC,D
AC,BB,CE,DE,EA,FC,GC,HD,ID,JC,E
AB,BA,CA,DA,EB,FD,GA,HD,IB,JA,A
AC,BA,CA,DD,EB,FE,GD,HE,IA,JD,H
AE,BA,CD,DC,EC,FE,GD,HC,ID,JD,A
AC,BC,CC,DB,EB,FC,GE,HA,IE,JC,G
AA,BD,CB,DD,EC,FD,GB,HE,ID,JA,A
AB,BE,CD,DA,EA,FD,GD,HA,IB,JA,F
AA,BD,CC,DD,EE,FE,GE,HC,IB,JD,I
AB,BE,CA,DB,EB,FD,GC,HD,IB,JA,F
AB,BA,CD,DA,EE,FC,GB,HB,IB,JB,Y
AB,BE,CA,DA,EB,FD,GD,HD,IB,JA,A
AE,BB,CB,DB,EC,FA,GB,HA,ID,JA,A
AC,BE,CD,DA,EA,FC,GB,HB,IA,JD,D
AC,BE,CB,DC,EA,FE,GC,HC,ID,JD,A
AD,BA,CA,DC,EB,FC,GC,HA,IC,JC,F
AB,BA,CA,DA,EB,FC,GC,HE,ID,JC,F
AC,BE,CB,DC,EC,FB,GE,HC,ID,JE,A
AB,BD,CD,DC,EC,FC,GB,HC,IA,JD,H
AC,BA,CB,DD,EC,FB,GE,HE,IC,JD,A
AC,BE,CD,DD,EA,FE,GC,HC,IB,JD,D
AC,BD,CC,DA,EB,FE,GC,HB,IE,JD,X
AD,BA,CD,DE,EB,FB,GD,HA,IA,JE,A
AC,BE,CD,DE,EE,FC,GE,HA,IE,JB,Y
AB,BA,CE,DA,EB,FD,GE,HC,ID,JA,F
AB,BE,CA,DB,EB,FA,GD,HE,IC,JB,A
AB,BE,CA,DA,EB,FD,GB,HD,IB,JA,A
AC,BD,CE,DC,EB,FB,GD,HC,IB,JE,H
AD,BB,CB,DC,EB,FE,GC,HC,IB,JC,A
AA,BD,CE,DE,ED,FA,GE,HB,IE,JE,I
AC,BD,CE,DC,EB,FB,GB,HC,IB,JB,H
AB,BD,CC,DD,EB,FE,GA,HD,IE,JD,E
AB,BA,CA,DC,EB,FE,GD,HC,IB,JD,F
AE,BB,CC,DA,EC,FE,GA,HB,ID,JD,C
AB,BA,CA,DA,EB,FC,GD,HB,IC,JC,F
AD,BC,CA,DC,EC,FB,GB,HA,IA,JB,A
AE,BC,CD,DB,EA,FA,GA,HD,IA,JB,D
AB,BC,CC,DD,EC,FC,GC,HC,IB,JC,G
AC,BD,CE,DC,EB,FB,GE,HC,ID,JE,H
AD,BA,CB,DD,EA,FD,GA,HA,IE,JA,E
AC,BE,CC,DC,EA,FA,GE,HC,IE,JE,X
AE,BE,CC,DD,EC,FD,GD,HB,IA,JA,A
AB,BD,CE,DE,EB,FD,GD,HB,IC,JA,A
AD,BB,CB,DE,EB,FD,GA,HA,IC,JA,F
AB,BE,CC,DC,EC,FE,GE,HC,ID,JD,A
AA,BA,CA,DA,EA,FD,GE,HC,ID,JB,A
AD,BD,CD,DC,EB,FE,GC,HC,ID,JD,E
AA,BD,CC,DD,EE,FE,GE,HB,IE,JB,I
AB,BD,CD,DC,EA,FE,GD,HC,ID,JD,A
AC,BD,CC,DD,EC,FB,GA,HC,ID,JE,F
AB,BC,CC,DB,EB,FD,GC,HB,IC,JA,A
AE,BA,CD,DA,EE,FE,GE,HA,IE,JB,X
AE,BE,CD,DA,EB,FB,GA,HE,IE,JE,E
AE,BE,CB,DD,EC,FB,GA,HC,ID,JE,A
AC,BB,CD,DE,EE,FB,GE,HB,IA,JE,Y
AC,BC,CE,DB,EB,FC,GD,HB,IA,JC,A
AE,BB,CA,DC,EC,FE,GA,HC,ID,JD,F
AA,BA,CA,DC,EB,FE,GD,HD,IC,JD,F
AB,BD,CD,DC,EC,FE,GD,HE,IA,JD,H
AE,BB,CC,DA,EB,FB,GA,HC,IC,JE,E
AA,BA,CC,DA,ED,FC,GE,HC,ID,JB,I
AC,BA,CD,DE,EB,FB,GB,HD,IB,JB,F
AB,BC,CC,DA,EB,FB,GB,HD,IB,JA,A
AD,BD,CA,DB,EA,FA,GD,HB,IA,JB,A
AB,BC,CC,DD,EA,FC,GD,HE,ID,JC,F
AA,BA,CD,DC,EB,FC,GB,HE,IB,JD,A
AA,BE,CD,DD,EA,FA,GC,HE,IB,JB,D
AC,BA,CD,DE,EB,FB,GD,HE,IB,JE,F
AE,BE,CD,DC,EB,FB,GB,HC,ID,JE,F
AA,BB,CC,DD,EB,FD,GC,HD,IA,JA,A
AA,BE,CE,DD,ED,FD,GE,HC,IA,JE,I
AB,BC,CC,DD,EA,FC,GB,HC,ID,JD,F
AC,BB,CE,DD,EB,FB,GB,HC,ID,JE,E
AB,BD,CE,DE,EB,FB,GD,HB,IA,JB,A
AE,BC,CE,DB,EA,FB,GD,HC,IB,JE,A
AA,BE,CC,DB,ED,FD,GE,HB,IE,JE,I
AC,BD,CC,DA,EB,FA,GB,HA,IE,JA,X
AB,BA,CA,DC,EB,FE,GC,HE,IC,JD,F
AD,BA,CD,DA,EB,FD,GC,HD,IA,JA,A
AD,BE,CA,DB,EA,FA,GA,HE,IA,JB,A
AE,BD,CE,DD,EB,FB,GA,HA,IE,JB,E
AD,BE,CA,DD,EB,FA,GD,HD,IB,JB,A
AD,BD,CA,DB,EB,FB,GD,HE,IB,JE,H
AD,BB,CE,DC,EA,FB,GA,HC,ID,JB,A
AB,BA,CB,DC,EE,FC,GB,HC,IB,JC,F
AC,BC,CB,DB,EB,FE,GC,HC,ID,JD,A
AC,BE,CD,DA,EA,FD,GD,HA,IA,JA,D
AB,BA,CD,DA,EE,FE,GE,HA,IE,JA,Y
AC,BD,CA,DA,EA,FB,GB,HC,ID,JE,F
AB,BD,CA,DE,EB,FD,GD,HA,IA,JA,A
AB,BD,CA,DA,EB,FE,GC,HC,ID,JD,A
AA,BD,CE,DD,EB,FE,GD,HB,IC,JD,F
AD,BC,CA,DA,EE,FA,GD,HB,IC,JB,A
AD,BD,CA,DB,EA,FD,GD,HB,IA,JA,A
AB,BD,CA,DA,EB,FD,GD,HA,IE,JA,A
AA,BA,CB,DA,EC,FE,GE,HB,IE,JA,I
AE,BE,CD,DE,EE,FD,GE,HC,ID,JE,X
AC,BB,CC,DB,EB,FC,GA,HE,ID,JC,A
AD,BC,CE,DB,EB,FA,GC,HE,ID,JB,A
AC,BD,CC,DD,EB,FD,GB,HD,IA,JC,A
AD,BA,CB,DC,EA,FA,GC,HC,ID,JE,C
AA,BD,CC,DD,ED,FC,GE,HC,IA,JB,I
AA,BB,CB,DB,EB,FE,GB,HA,IA,JD,G
AE,BB,CC,DE,EE,FD,GC,HA,IC,JA,F
AD,BD,CA,DA,EB,FC,GC,HA,IE,JC,H
AC,BC,CE,DB,EB,FD,GA,HA,IA,JA,A
AB,BB,CB,DA,EE,FB,GB,HC,ID,JB,A
AC,BC,CD,DE,EC,FC,GA,HB,IA,JC,W
AE,BD,CA,DE,EA,FD,GD,HB,IA,JA,X
AE,BA,CB,DB,EE,FA,GB,HA,IE,JA,E
AD,BD,CA,DA,EA,FA,GC,HB,IA,JE,A
AE,BA,CD,DE,EE,FC,GE,HB,IE,JE,Y
AC,BE,CA,DD,EA,FE,GB,HC,ID,JD,E
AD,BD,CA,DC,EB,FD,GD,HC,ID,JA,F
AC,BA,CB,DC,EA,FE,GD,HB,IA,JD,D
AC,BD,CA,DD,EB,FD,GD,HC,IB,JA,F
AB,BA,CA,DA,EB,FB,GA,HE,IB,JE,A
AC,BB,CC,DB,EB,FD,GA,HB,IA,JC,F
AE,BA,CD,DA,EB,FA,GA,HD,IA,JA,E
AA,BB,CB,DC,EC,FD,GA,HE,ID,JA,A
AC,BB,CE,DA,EB,FB,GA,HE,IC,JE,H
AE,BA,CC,DE,EA,FD,GB,HA,IE,JA,E
AE,BE,CD,DE,EE,FA,GE,HB,IE,JE,Y
AB,BC,CE,DD,EA,FE,GC,HB,IC,JD,A
AE,BE,CD,DE,EE,FD,GB,HB,IE,JB,X
AC,BE,CE,DE,EB,FB,GE,HE,IB,JE,A
AA,BA,CB,DA,EE,FC,GE,HA,IE,JB,I
AE,BD,CE,DE,EB,FD,GA,HA,IE,JA,X
AC,BC,CB,DB,EB,FB,GA,HE,IC,JE,A
AD,BA,CA,DB,EA,FE,GC,HA,IB,JD,F
AD,BB,CC,DB,EB,FB,GA,HB,IB,JE,G
AE,BC,CA,DA,EC,FE,GA,HB,IC,JD,E
AE,BB,CB,DC,EE,FB,GC,HC,ID,JE,A
AC,BE,CD,DD,EB,FE,GC,HD,IB,JC,F
AD,BE,CE,DB,EB,FC,GC,HB,IC,JC,F
AC,BB,CC,DB,EB,FA,GA,HD,IB,JA,A
AA,BA,CC,DA,ED,FE,GE,HC,IC,JA,I
AE,BE,CD,DE,EE,FE,GE,HB,IE,JD,Y
AC,BE,CD,DB,EB,FE,GE,HD,IA,JD,E
AD,BA,CA,DC,EB,FD,GA,HD,IC,JA,F
AD,BD,CC,DE,EC,FA,GC,HB,IC,JE,A
AC,BC,CC,DB,EB,FB,GB,HC,ID,JE,A
AD,BB,CE,DC,EC,FD,GD,HC,ID,JA,A
AC,BA,CA,DA,EB,FA,GC,HD,IB,JB,F
AC,BD,CE,DA,EB,FA,GD,HD,IB,JB,F
AB,BC,CA,DC,EB,FE,GA,HC,IA,JD,H
AD,BA,CE,DD,EB,FD,GB,HD,IB,JC,A
AD,BC,CA,DE,EA,FB,GB,HB,IE,JE,X
AC,BA,CD,DE,EB,FC,GD,HD,ID,JC,F
AC,BA,CB,DC,EA,FE,GC,HE,IB,JD,D
AC,BC,CC,DB,EB,FB,GD,HC,ID,JE,G
AA,BE,CA,DC,EA,FE,GE,HC,ID,JD,F
AE,BA,CC,DE,EA,FA,GB,HD,IA,JB,E
AD,BA,CC,DA,EC,FB,GE,HD,IC,JD,A
AD,BB,CC,DA,EB,FA,GB,HE,IC,JB,G
AB,BA,CB,DC,EE,FE,GD,HE,IC,JD,F
AC,BB,CC,DB,EB,FB,GE,HC,IB,JC,A
AC,BD,CE,DB,EB,FA,GA,HA,IC,JA,F
AE,BA,CA,DD,EB,FB,GC,HE,IC,JE,A
AC,BE,CD,DA,EA,FB,GE,HD,IE,JE,D
AD,BD,CA,DA,EA,FD,GE,HE,IB,JB,A
AE,BA,CA,DD,EC,FE,GC,HC,ID,JD,F
AE,BE,CD,DD,EB,FC,GE,HA,IA,JA,E
AA,BD,CB,DA,EB,FD,GA,HE,ID,JC,A
AA,BA,CB,DA,EE,FD,GE,HD,IE,JE,I
AE,BA,CD,DE,EE,FA,GD,HE,IA,JB,Y
AD,BB,CB,DD,EB,FA,GA,HC,IB,JA,G
AD,BD,CA,DB,EA,FD,GD,HE,IA,JA,A
AD,BC,CC,DB,EB,FA,GA,HD,IC,JB,A
AC,BA,CE,DE,EA,FD,GC,HA,IE,JA,A
AB,BA,CD,DD,EA,FA,GA,HE,IA,JB,C
AB,BC,CC,DD,EA,FE,GC,HE,ID,JD,F
AA,BD,CA,DA,EA,FB,GE,HC,ID,JE,A
AD,BC,CA,DA,EB,FD,GD,HD,IA,JA,H
AB,BC,CA,DC,EB,FC,GB,HB,IC,JC,F
AC,BA,CA,DB,EB,FD,GD,HD,IA,JA,A
AA,BE,CE,DD,ED,FE,GE,HA,IE,JA,I
AD,BD,CE,DB,EB,FC,GC,HE,IB,JA,F
AE,BB,CA,DE,EB,FA,GB,HA,IE,JA,E
AD,BB,CB,DC,EC,FA,GB,HA,IB,JA,F
AB,BD,CE,DE,EB,FD,GB,HD,ID,JC,A
AD,BA,CE,DD,EB,FC,GD,HE,IB,JC,A
AA,BE,CC,DD,ED,FC,GC,HC,IE,JC,I
AB,BE,CA,DE,EB,FD,GA,HC,ID,JC,A
AC,BC,CC,DB,EB,FB,GD,HE,IC,JE,G
AC,BC,CE,DB,EB,FA,GB,HC,ID,JA,H
AC,BC,CC,DA,EB,FA,GE,HD,IB,JE,A
AD,BB,CB,DB,EB,FC,GB,HB,IA,JC,F
AD,BB,CC,DB,EB,FD,GD,HE,IB,JA,G
AC,BD,CB,DB,EB,FA,GD,HD,IA,JB,A
AD,BC,CC,DB,EB,FB,GB,HC,IB,JB,A
AE,BB,CC,DA,EB,FB,GE,HE,IA,JE,E
AA,BD,CB,DB,ED,FC,GE,HD,IE,JB,I
AA,BD,CE,DD,EB,FC,GD,HD,IC,JC,F
AB,BA,CA,DD,EB,FB,GA,HE,IB,JB,A
AB,BC,CC,DD,EA,FC,GC,HC,IC,JC,F
AC,BD,CE,DB,EB,FA,GA,HE,IB,JB,A
AE,BA,CB,DC,EC,FB,GA,HE,IB,JE,D
AD,BC,CE,DA,EB,FD,GA,HD,IC,JA,F
AD,BC,CE,DA,EB,FC,GA,HA,IE,JC,H
AB,BE,CE,DB,EB,FD,GD,HB,IA,JA,A
AE,BC,CB,DA,EC,FA,GB,HB,IE,JC,X
AC,BB,CC,DA,EB,FA,GD,HD,IC,JB,F
AB,BE,CA,DA,EB,FC,GC,HB,IB,JA,A
AC,BE,CD,DE,EE,FE,GE,HD,IB,JA,Y
AE,BE,CA,DE,EC,FA,GC,HB,IA,JE,E
AA,BD,CC,DD,EE,FE,GE,HD,IB,JC,I
AA,BA,CA,DE,EB,FB,GB,HE,IC,JE,A
AE,BA,CD,DE,EB,FA,GA,HE,ID,JB,A
AE,BD,CD,DC,EC,FE,GA,HA,ID,JD,A
AD,BD,CC,DE,EC,FA,GD,HB,IC,JB,A
AB,BB,CC,DD,EB,FC,GC,HB,IA,JC,G
AB,BC,CB,DC,EB,FB,GB,HC,ID,JE,A
AD,BA,CA,DC,EA,FC,GA,HC,ID,JD,F
AA,BA,CC,DC,EA,FD,GB,HB,IA,JA,A
AD,BC,CE,DC,EA,FE,GD,HC,IC,JD,H
AC,BE,CD,DE,EE,FD,GE,HB,IA,JB,Y
AE,BE,CB,DD,EB,FA,GB,HE,IB,JB,A
AC,BC,CD,DB,EC,FD,GD,HD,IE,JA,E
AB,BA,CA,DC,EB,FA,GC,HA,IC,JB,A
AB,BC,CB,DB,EC,FC,GB,HE,ID,JC,A
AB,BD,CA,DD,EB,FE,GA,HE,ID,JD,F
AC,BD,CD,DC,EB,FD,GA,HB,IE,JA,E
AA,BA,CB,DA,EA,FC,GD,HB,IB,JC,A
AD,BB,CB,DD,EB,FD,GB,HC,IA,JC,G
AD,BD,CA,DD,EB,FC,GD,HB,IC,JC,F
AC,BC,CA,DA,EA,FD,GE,HE,IA,JB,X
AE,BC,CD,DB,EA,FD,GC,HD,IC,JA,D
AA,BA,CB,DC,ED,FE,GE,HC,IB,JD,I
AD,BD,CA,DE,EC,FA,GA,HB,IB,JB,F
AD,BB,CB,DD,EB,FE,GC,HB,IE,JD,G
AB,BB,CC,DD,EA,FD,GC,HD,IA,JB,A
AC,BE,CD,DE,EE,FA,GE,HD,IE,JE,Y
AA,BB,CB,DC,EC,FA,GB,HC,IB,JA,A
AC,BE,CE,DC,EA,FE,GE,HC,IA,JD,E
AD,BC,CE,DB,EB,FA,GC,HB,IE,JB,A
AD,BB,CC,DA,EB,FD,GC,HD,IB,JA,F
AD,BB,CB,DD,EC,FA,GA,HA,IB,JB,A
AE,BE,CE,DE,EA,FB,GC,HB,IE,JE,X
AE,BE,CE,DE,EA,FB,GB,HA,IE,JB,X
AB,BA,CB,DB,EE,FA,GE,HB,IE,JE,I
AE,BB,CE,DC,EC,FE,GB,HC,ID,JD,A
AB,BE,CD,DD,EB,FE,GB,HC,ID,JD,F
AC,BA,CE,DA,EB,FC,GC,HA,IA,JC,F
AA,BD,CA,DA,EA,FA,GC,HE,IB,JB,A
AC,BC,CA,DC,EB,FB,GD,HC,ID,JE,H
AB,BE,CA,DD,EC,FC,GC,HE,IB,JC,F
AE,BE,CD,DD,EB,FD,GD,HC,ID,JA,E
AD,BD,CA,DE,EC,FD,GD,HD,ID,JA,F
AE,BC,CD,DB,EA,FA,GD,HC,IB,JB,D
AB,BE,CE,DB,EB,FC,GD,HB,IC,JC,A
AD,BB,CB,DD,EB,FE,GC,HB,IE,JD,G
AB,BA,CB,DC,EC,FB,GB,HC,ID,JE,A
AE,BA,CD,DC,EC,FA,GC,HC,ID,JB,A
AA,BB,CA,DC,EE,FE,GE,HA,IE,JB,I
AD,BE,CB,DE,EC,FB,GC,HC,ID,JE,A
AE,BB,CC,DB,EA,FE,GD,HC,ID,JD,F
AE,BC,CD,DE,EA,FB,GA,HB,IA,JE,X
AC,BA,CD,DE,EB,FB,GB,HE,IB,JB,F
AA,BD,CB,DC,EB,FB,GB,HB,IB,JB,A
AA,BE,CC,DE,EE,FE,GD,HC,ID,JD,I
AD,BB,CB,DB,EB,FE,GA,HB,IC,JD,F
AA,BB,CE,DC,EB,FE,GC,HD,IA,JD,A
AE,BC,CD,DE,EA,FD,GC,HD,IE,JB,X
AB,BE,CA,DD,EB,FC,GC,HE,IB,JC,F
AB,BC,CB,DC,EB,FB,GB,HC,ID,JE,A
AC,BA,CD,DD,EA,FD,GD,HD,IB,JC,D
AD,BC,CE,DA,EB,FA,GD,HC,ID,JB,F
AC,BE,CD,DB,EA,FA,GC,HB,IE,JB,A
AE,BB,CC,DA,EB,FC,GC,HA,IE,JC,E
AC,BC,CC,DE,EB,FA,GA,HA,IC,JB,A
AB,BD,CE,DE,EB,FA,GE,HD,IB,JB,A
AB,BA,CC,DC,EA,FD,GD,HC,IB,JA,A
AD,BB,CB,DD,EC,FD,GE,HA,IB,JD,A
AC,BB,CE,DA,EB,FA,GC,HD,IE,JB,H
AD,BD,CD,DC,EB,FC,GC,HC,ID,JA,E
AC,BE,CA,DE,EB,FD,GA,HD,IC,JA,F
AC,BB,CC,DE,EB,FC,GA,HA,IA,JD,G
AA,BA,CB,DA,EE,FD,GE,HE,IE,JE,I
AE,BD,CD,DB,EA,FD,GC,HC,ID,JA,D
AE,BA,CD,DE,EB,FA,GC,HA,IE,JB,E
AD,BA,CC,DA,EC,FA,GA,HB,IC,JA,A
AE,BE,CA,DE,EA,FD,GE,HE,IB,JB,Y
AE,BD,CA,DD,EC,FE,GC,HB,IE,JD,E
AA,BA,CD,DC,EB,FC,GD,HE,IA,JD,F
AA,BA,CC,DC,EC,FA,GB,HE,ID,JA,A
AC,BE,CB,DC,EA,FD,GB,HD,IA,JA,A
AA,BA,CC,DC,ED,FC,GE,HB,IE,JA,I
AE,BE,CA,DE,EC,FD,GC,HA,IB,JB,A
AC,BA,CB,DC,EE,FC,GA,HA,IA,JC,F
AE,BE,CB,DA,EB,FB,GB,HD,IE,JE,E
AA,BB,CC,DB,EC,FB,GC,HD,IB,JE,A
AC,BD,CA,DA,EA,FD,GC,HC,IB,JB,F
AA,BE,CB,DB,ED,FD,GE,HE,IE,JE,I
AE,BA,CB,DA,EB,FB,GD,HE,IC,JE,A
AB,BA,CA,DB,EB,FA,GA,HD,IC,JA,A
AA,BC,CB,DA,EA,FD,GC,HC,ID,JA,A
AC,BE,CD,DB,EB,FD,GC,HE,IB,JA,F
AA,BC,CB,DB,EB,FC,GC,HB,IB,JC,A
AB,BB,CC,DC,EB,FE,GC,HE,IA,JD,G
AE,BC,CE,DA,EB,FC,GD,HA,IE,JC,E
AA,BA,CD,DC,EB,FE,GC,HD,IB,JD,F
AA,BC,CC,DA,ED,FE,GE,HC,IE,JC,I
AE,BA,CD,DA,EA,FD,GD,HE,ID,JA,D
AD,BA,CB,DC,EA,FB,GB,HC,ID,JE,C
AD,BD,CA,DB,EA,FC,GD,HB,IA,JC,A
AD,BA,CB,DD,EA,FB,GB,HE,IC,JE,E
AA,BD,CB,DE,ED,FE,GE,HC,ID,JD,I
AD,BD,CA,DE,EB,FA,GA,HB,IC,JB,A
AB,BB,CB,DD,EB,FA,GA,HC,IB,JA,F
AE,BB,CC,DB,EB,FD,GB,HD,IE,JC,G
AA,BA,CD,DB,EC,FE,GE,HE,ID,JD,F
AE,BA,CC,DD,EB,FA,GB,HC,ID,JA,E
AD,BA,CE,DC,EA,FA,GD,HC,IC,JB,A
AB,BE,CA,DA,EA,FB,GD,HE,IB,JE,A
AC,BB,CA,DD,EC,FE,GC,HC,IE,JD,D
AB,BC,CA,DC,EB,FE,GC,HB,IE,JD,H
AA,BE,CE,DC,ED,FB,GE,HC,IA,JE,I
AD,BB,CC,DC,EC,FA,GC,HD,IA,JB,G
AA,BD,CC,DC,EB,FD,GD,HA,IB,JA,A
AC,BC,CA,DA,EA,FC,GA,HA,IE,JC,X
AA,BA,CA,DC,EC,FE,GD,HC,ID,JD,A
AB,BE,CA,DA,EB,FA,GA,HD,IB,JB,A
AB,BA,CB,DC,EE,FD,GC,HC,ID,JA,F
AA,BE,CC,DE,EE,FC,GE,HB,IE,JB,I
AE,BE,CB,DD,EB,FB,GB,HC,IB,JE,A
AE,BC,CA,DE,EC,FC,GB,HA,ID,JC,A
AE,BD,CB,DD,EC,FD,GD,HB,IC,JA,D
AC,BE,CE,DE,EB,FB,GA,HD,IC,JE,A
AC,BB,CD,DE,EE,FB,GE,HA,IE,JE,Y
AE,BE,CD,DA,EB,FE,GC,HD,ID,JD,E
AD,BB,CB,DB,EB,FD,GA,HD,IB,JC,F
AA,BE,CA,DA,EC,FD,GC,HA,IC,JA,A
AA,BE,CB,DC,EC,FE,GB,HE,ID,JD,I
AD,BD,CC,DA,EA,FD,GB,HA,IC,JC,A
AB,BC,CE,DC,EB,FE,GC,HE,IA,JD,H
AD,BB,CC,DA,EB,FC,GD,HB,IC,JC,F
AA,BC,CE,DB,EB,FD,GD,HB,IA,JA,A
AB,BC,CA,DD,EB,FC,GB,HD,IE,JD,H
AA,BD,CB,DE,EB,FA,GB,HA,IC,JA,A
AE,BB,CD,DA,EA,FE,GC,HA,IE,JD,E
AD,BB,CC,DB,EB,FA,GC,HE,IC,JB,G
AB,BC,CC,DC,EC,FC,GE,HC,ID,JD,F
AE,BB,CE,DB,EC,FE,GE,HB,ID,JD,A
AC,BE,CA,DB,EB,FA,GD,HD,IC,JB,F
AE,BC,CE,DA,EB,FD,GA,HA,IE,JA,E
AC,BE,CD,DE,EC,FC,GE,HB,IC,JA,D
AD,BA,CD,DB,EB,FC,GD,HB,IA,JC,A
AB,BA,CE,DA,EB,FA,GB,HC,IB,JA,F
AE,BC,CE,DC,EC,FE,GB,HA,ID,JD,H
AD,BA,CE,DE,EB,FA,GE,HB,IA,JB,A
AC,BB,CD,DD,EC,FD,GC,HA,IB,JB,D
AA,BA,CC,DB,ED,FE,GE,HB,IE,JA,I
AA,BA,CE,DB,EB,FA,GB,HD,IB,JB,F
AD,BC,CE,DE,EB,FA,GB,HB,IB,JA,A
AE,BB,CC,DE,EE,FB,GC,HD,IB,JE,F
AA,BA,CA,DE,EB,FC,GC,HA,IA,JA,A
AE,BB,CB,DE,EC,FB,GE,HB,IB,JE,Y
AE,BE,CB,DA,EB,FA,GE,HA,IE,JE,E
AA,BB,CE,DC,EB,FC,GA,HB,IE,JC,A
AB,BC,CC,DA,EB,FC,GD,HD,ID,JC,A
AD,BE,CB,DC,EB,FB,GB,HC,ID,JE,A
AD,BC,CE,DD,EB,FE,GB,HD,IA,JD,H
AD,BC,CC,DE,EC,FB,GE,HD,IC,JE,A
AA,BC,CE,DB,EB,FC,GD,HA,IE,JC,A
AC,BD,CA,DE,EA,FB,GA,HB,IE,JE,X
AC,BD,CA,DA,EA,FB,GB,HC,ID,JE,A
AE,BA,CD,DB,EB,FE,GE,HE,IA,JD,E
AC,BE,CB,DD,EB,FA,GC,HD,IB,JB,F
AD,BB,CC,DC,EC,FB,GB,HD,IA,JE,G
AC,BD,CC,DA,EB,FE,GC,HA,IE,JD,X
AA,BC,CA,DC,EB,FE,GB,HC,IC,JD,H
AE,BA,CD,DE,EB,FA,GD,HA,IE,JB,E
AE,BD,CB,DD,EC,FB,GA,HC,ID,JB,A
AA,BD,CE,DC,EE,FD,GE,HC,ID,JE,I
AC,BD,CA,DA,EA,FA,GD,HD,IA,JB,A
AE,BC,CE,DD,EB,FE,GC,HE,IB,JD,E
AD,BC,CC,DE,EC,FA,GE,HB,IA,JB,A
AC,BB,CC,DB,EB,FD,GD,HE,IB,JC,F
AC,BB,CD,DB,EC,FB,GB,HA,IA,JB,G
AE,BA,CA,DD,EB,FA,GB,HB,IB,JA,A
AA,BA,CB,DA,EA,FD,GC,HB,IC,JA,A
AD,BD,CD,DA,EB,FA,GB,HB,IB,JA,A
AA,BE,CD,DD,EA,FA,GA,HC,IB,JB,D
AA,BE,CC,DB,ED,FE,GE,HD,IE,JA,I
AE,BC,CE,DA,EB,FC,GA,HA,IE,JC,E
AC,BD,CE,DD,EA,FE,GD,HB,IE,JD,E
AE,BE,CC,DE,EC,FB,GB,HD,IE,JE,X
AA,BD,CB,DE,EB,FD,GB,HB,ID,JC,A
AD,BD,CA,DC,EB,FC,GD,HB,IB,JC,F
AD,BA,CD,DE,EB,FB,GA,HA,IA,JB,A
AE,BC,CD,DB,EA,FC,GA,HB,IA,JD,D
AB,BA,CE,DE,EA,FC,GE,HB,IB,JD,A
AA,BA,CC,DD,ED,FC,GE,HC,IA,JA,I
AB,BC,CC,DD,EB,FA,GD,HC,ID,JB,A
AB,BB,CC,DC,EB,FE,GC,HC,IC,JC,G
AB,BA,CE,DE,EA,FA,GB,HA,IA,JB,A
AC,BC,CE,DE,EB,FB,GA,HB,IE,JE,A
AE,BE,CD,DC,EB,FC,GC,HA,IC,JC,F
AE,BC,CE,DD,EB,FE,GC,HA,IB,JD,E
AC,BA,CD,DE,EE,FC,GE,HD,IE,JB,Y
AD,BB,CB,DD,EB,FB,GC,HE,IC,JE,G
AB,BA,CC,DC,EA,FB,GD,HC,ID,JE,A
AB,BA,CC,DD,EC,FC,GE,HE,IB,JD,A
AE,BD,CE,DA,EA,FC,GD,HA,IA,JC,E
AA,BB,CC,DC,EC,FE,GC,HD,IC,JC,F
AE,BA,CD,DC,EC,FE,GC,HC,ID,JD,A
AC,BA,CB,DD,EB,FB,GD,HD,IA,JE,A
AA,BE,CC,DB,ED,FE,GE,HD,IE,JD,I
AC,BE,CC,DC,EA,FD,GC,HC,IE,JA,X
AA,BA,CA,DD,EC,FD,GB,HC,ID,JA,A
AE,BB,CC,DB,EB,FB,GA,HE,IA,JE,E
AE,BD,CD,DC,EC,FE,GA,HB,IA,JD,E
AD,BB,CC,DC,EC,FA,GC,HC,ID,JB,G
AC,BB,CA,DD,EC,FE,GD,HC,IC,JD,D
AD,BE,CB,DB,EA,FE,GC,HB,ID,JD,A
AE,BB,CC,DB,EB,FA,GD,HE,IE,JB,E
AD,BB,CB,DB,EB,FD,GC,HE,IB,JA,A
AA,BC,CD,DC,EC,FB,GC,HC,ID,JE,H
AB,BB,CB,DD,EB,FA,GA,HA,IC,JB,F
AB,BD,CE,DB,EA,FC,GB,HB,IC,JD,A
AB,BA,CA,DC,EB,FC,GA,HE,IB,JD,F
AB,BC,CE,DA,EA,FD,GC,HD,ID,JA,A
AD,BA,CD,DA,EC,FD,GC,HC,ID,JA,A
AA,BE,CC,DA,ED,FC,GE,HB,IE,JE,I
AC,BB,CD,DE,EE,FA,GE,HA,IE,JE,Y
AE,BD,CE,DB,EB,FA,GC,HD,ID,JB,A
AC,BA,CB,DC,EE,FD,GB,HA,IE,JC,F
AA,BA,CD,DC,EB,FA,GB,HB,IA,JA,A
AB,BD,CE,DD,EA,FE,GC,HD,IC,JC,F
AB,BC,CE,DA,EB,FD,GC,HB,IC,JA,A
AE,BE,CC,DE,EC,FA,GB,HA,IE,JB,X
AA,BC,CB,DD,EB,FB,GC,HE,IC,JE,A
AA,BE,CE,DC,ED,FC,GE,HB,IE,JB,I
AD,BD,CA,DB,EB,FE,GE,HC,ID,JC,F
AC,BB,CE,DB,EB,FB,GA,HC,ID,JE,G
AD,BC,CA,DA,EE,FB,GC,HD,IC,JE,A
AC,BD,CA,DA,EA,FA,GA,HE,IB,JB,A
AE,BD,CD,DE,EA,FD,GC,HA,IE,JA,X
AC,BC,CE,DB,EB,FD,GC,HB,IA,JA,A
AA,BA,CB,DC,ED,FE,GE,HE,IA,JA,I
AD,BC,CC,DB,EA,FD,GC,HB,IB,JA,A
AC,BD,CC,DB,EB,FA,GA,HE,IC,JB,F
AD,BD,CA,DD,EB,FD,GD,HE,IE,JA,H
AB,BC,CA,DC,EB,FC,GD,HD,IE,JC,H
AB,BA,CB,DC,EC,FB,GB,HC,ID,JE,A
AC,BE,CA,DE,EB,FB,GC,HC,IB,JE,F
AD,BD,CD,DC,EC,FE,GC,HA,IA,JD,E
AA,BD,CA,DA,EA,FC,GD,HC,ID,JC,A
AA,BA,CC,DA,ED,FE,GE,HA,IE,JC,I
AD,BB,CC,DA,EB,FC,GA,HD,IC,JC,G
AA,BC,CC,DD,EA,FC,GC,HE,ID,JC,A
AD,BB,CB,DB,EB,FD,GB,HE,IB,JC,F
AB,BB,CB,DA,EA,FB,GB,HC,ID,JB,A
AA,BC,CC,DC,EB,FA,GB,HC,IB,JB,F
AC,BC,CA,DC,EB,FE,GB,HC,ID,JD,H
AE,BD,CA,DB,EB,FB,GC,HC,IC,JE,E
AA,BA,CD,DD,EB,FD,GC,HE,IB,JA,F
AD,BE,CA,DB,EC,FC,GD,HE,IB,JC,A
AB,BE,CA,DC,EA,FC,GC,HB,IC,JC,F
AD,BC,CE,DC,EA,FE,GB,HC,IC,JD,H
AD,BA,CE,DC,EA,FB,GB,HC,IB,JB,A
AE,BE,CD,DE,EE,FD,GE,HA,IE,JE,X
AC,BB,CE,DE,EA,FE,GE,HB,IB,JD,E
AB,BE,CB,DC,EE,FC,GC,HB,IC,JC,A
AD,BD,CA,DB,EA,FE,GD,HB,IE,JD,A
AA,BD,CA,DB,EC,FC,GD,HA,ID,JC,A
AC,BB,CC,DA,EB,FB,GA,HD,IC,JB,F
AE,BE,CA,DA,EA,FE,GC,HB,IE,JC,E
AB,BB,CB,DD,EB,FA,GA,HB,IB,JB,F
AD,BD,CA,DB,EA,FD,GE,HC,ID,JB,A
AD,BD,CA,DD,EB,FE,GB,HD,IE,JD,H
AD,BD,CD,DB,EA,FD,GB,HD,IC,JA,A
AA,BE,CD,DD,EE,FE,GE,HB,IE,JD,Y
AA,BA,CE,DB,EB,FC,GE,HE,ID,JA,F
AC,BD,CA,DA,EA,FA,GA,HC,ID,JB,A
AE,BE,CD,DC,EB,FD,GE,HC,ID,JA,F
AB,BA,CA,DE,EB,FB,GA,HE,IC,JE,A
AA,BB,CD,DC,EC,FE,GE,HC,ID,JD,A
AE,BE,CD,DA,EB,FB,GC,HD,IE,JE,E
AC,BE,CA,DB,EB,FC,GC,HB,IC,JC,F
AB,BE,CD,DE,EB,FB,GC,HA,IC,JE,A
AA,BE,CE,DD,ED,FE,GE,HE,IE,JC,I
AE,BB,CC,DE,EE,FB,GD,HE,IB,JE,F
AC,BD,CA,DE,EA,FB,GB,HB,IE,JE,X
AA,BE,CD,DA,EB,FD,GB,HB,ID,JC,A
AD,BB,CC,DC,EC,FB,GB,HC,IB,JB,G
AD,BB,CB,DD,EC,FD,GD,HD,IC,JA,A
AE,BB,CB,DC,EE,FB,GB,HC,ID,JE,A
AD,BD,CB,DD,EB,FA,GD,HD,IC,JB,A
AB,BE,CA,DB,EB,FC,GC,HC,ID,JC,F
AD,BB,CC,DA,EB,FD,GC,HD,ID,JA,F
AA,BC,CE,DD,EA,FE,GE,HC,IA,JD,A
AA,BE,CB,DC,EC,FE,GE,HA,IE,JC,I
AE,BE,CD,DB,EC,FE,GE,HA,IE,JC,E
AA,BD,CB,DE,EB,FA,GD,HB,IC,JB,A
AC,BE,CD,DE,EC,FB,GC,HC,ID,JE,D
AB,BC,CE,DC,EB,FE,GB,HB,IE,JD,H
AE,BC,CE,DD,EB,FA,GE,HC,IA,JE,E
AA,BD,CB,DD,EB,FB,GB,HC,IC,JE,A
AD,BD,CA,DB,EB,FA,GC,HE,ID,JB,F
AD,BB,CD,DB,EC,FE,GE,HD,ID,JD,A
AB,BE,CD,DB,EB,FA,GD,HE,IB,JB,A
AD,BD,CA,DD,EB,FE,GA,HD,IA,JD,H
AB,BB,CB,DC,EB,FE,GA,HE,IA,JD,G
AD,BA,CA,DC,EB,FD,GE,HE,IC,JB,F
AA,BE,CE,DC,EA,FD,GA,HE,IE,JA,X
AD,BB,CB,DD,EC,FC,GC,HB,ID,JC,A
AC,BA,CD,DB,EC,FE,GB,HC,IB,JD,Y
AC,BC,CE,DB,EB,FB,GC,HC,IC,JE,A
AE,BC,CA,DA,EA,FA,GB,HA,IE,JB,X
AD,BA,CE,DD,EB,FA,GD,HE,IB,JB,F
AE,BE,CB,DC,EA,FB,GA,HC,ID,JE,F
AC,BB,CC,DB,EB,FC,GD,HB,IE,JC,G
AA,BB,CC,DD,EB,FD,GC,HB,IC,JA,A
AC,BC,CC,DE,EB,FA,GA,HA,IB,JB,A
AD,BA,CA,DA,EB,FB,GD,HE,IC,JE,A
AA,BC,CD,DD,EB,FE,GD,HA,IE,JD,H
AD,BB,CB,DA,EC,FA,GA,HB,IC,JA,F
AD,BD,CD,DD,EB,FB,GD,HB,IC,JE,A
AD,BE,CD,DB,EB,FB,GC,HE,IB,JE,A
AB,BA,CA,DE,EB,FD,GC,HB,IC,JB,A
AA,BA,CD,DC,EB,FC,GD,HE,ID,JC,F
AC,BC,CD,DE,EC,FD,GB,HA,IE,JC,W
AD,BD,CA,DB,EB,FA,GB,HE,IA,JA,H
AC,BA,CB,DD,EC,FB,GB,HE,IB,JE,A
AD,BC,CC,DB,EB,FD,GB,HD,IB,JC,A
AC,BA,CD,DE,EE,FA,GE,HD,IE,JE,Y
AC,BC,CA,DA,EA,FA,GA,HD,IE,JA,X
AE,BC,CA,DA,EC,FE,GB,HD,IA,JD,E
AD,BE,CB,DE,EC,FD,GC,HA,IE,JA,A
AB,BA,CB,DC,EB,FE,GD,HC,ID,JD,A
AA,BC,CE,DB,EB,FC,GC,HA,IE,JC,A
AB,BA,CB,DA,EE,FA,GE,HA,IE,JE,I
AD,BB,CC,DA,EB,FC,GB,HA,IA,JD,F
AD,BB,CB,DD,EB,FD,GA,HD,IA,JA,G
AE,BB,CC,DE,EE,FB,GE,HE,IB,JE,F
AE,BD,CA,DB,EA,FA,GC,HD,IB,JE,D
AB,BE,CA,DA,EB,FA,GB,HB,IB,JB,A
AE,BC,CE,DD,EB,FC,GD,HB,IE,JC,E
AB,BC,CE,DD,EB,FE,GE,HC,ID,JC,A
AE,BB,CD,DA,EC,FE,GD,HA,IE,JD,D
AB,BB,CC,DD,EB,FD,GA,HD,IE,JA,G
AD,BC,CC,DA,EB,FB,GD,HC,ID,JE,A
AE,BA,CD,DA,EA,FB,GD,HD,ID,JE,D
AD,BB,CC,DA,EB,FB,GA,HC,IB,JE,F
AD,BE,CB,DB,EA,FE,GE,HD,ID,JC,A
AB,BC,CC,DB,EB,FE,GE,HA,IA,JD,A
AE,BC,CE,DE,EC,FA,GB,HA,IA,JA,W
AC,BD,CA,DE,EA,FD,GB,HA,IE,JA,X
AC,BB,CE,DE,EA,FD,GA,HA,IA,JA,E
AC,BA,CA,DB,EB,FB,GD,HC,IB,JE,A
AB,BA,CA,DB,EA,FD,GB,HE,ID,JC,A
AE,BB,CC,DB,EB,FD,GD,HB,IE,JA,G
AA,BB,CE,DC,EB,FE,GC,HE,IB,JD,A
AC,BC,CE,DC,EB,FE,GD,HD,ID,JD,E
AE,BB,CC,DD,EB,FC,GA,HE,IE,JC,E
AC,BE,CD,DC,EA,FD,GB,HE,IE,JC,X
AC,BA,CD,DE,EE,FC,GE,HA,IE,JC,Y
AE,BE,CD,DB,EC,FD,GA,HB,IA,JA,E
AC,BE,CD,DA,EA,FD,GD,HA,IA,JA,D
AA,BD,CA,DD,EA,FC,GB,HD,IB,JD,A
AA,BD,CE,DC,EC,FE,GE,HC,ID,JD,F
AB,BC,CE,DD,EA,FC,GD,HE,IB,JC,A
AB,BC,CC,DD,EC,FB,GC,HC,IC,JE,G
AD,BA,CE,DD,EB,FD,GC,HC,IC,JB,A
AB,BC,CC,DD,EB,FD,GC,HD,IB,JA,A
AD,BE,CA,DA,EB,FA,GA,HB,IA,JA,A
AA,BB,CB,DB,EB,FC,GB,HD,IA,JD,G
AC,BB,CC,DB,EB,FB,GA,HC,IB,JE,A
AD,BB,CB,DB,EB,FE,GE,HD,IB,JC,F
AA,BD,CA,DB,EB,FE,GC,HE,IB,JD,H
