Product ID,Product Title, Merchant ID, Cluster ID, Cluster Label, Category ID, Category Label
1,apple iphone 8 plus 64gb silver,1,1,Apple iPhone 8 Plus 64GB,2612,Mobile Phones
2,apple iphone 8 plus 64 gb spacegrau,2,1,Apple iPhone 8 Plus 64GB,2612,Mobile Phones
3,apple mq8n2b/a iphone 8 plus 64gb 5.5 12mp sim free smartphone in gold,3,1,Apple iPhone 8 Plus 64GB,2612,Mobile Phones
4,apple iphone 8 plus 64gb space grey,4,1,Apple iPhone 8 Plus 64GB,2612,Mobile Phones
5,apple iphone 8 plus gold 5.5 64gb 4g unlocked sim free,5,1,Apple iPhone 8 Plus 64GB,2612,Mobile Phones
6,apple iphone 8 plus gold 5.5 64gb 4g unlocked sim free,6,1,Apple iPhone 8 Plus 64GB,2612,Mobile Phones
7,apple iphone 8 plus 64 gb space grey,7,1,Apple iPhone 8 Plus 64GB,2612,Mobile Phones
8,apple iphone 8 plus 64gb space grey,8,1,Apple iPhone 8 Plus 64GB,2612,Mobile Phones
9,apple iphone 8 plus 64gb space grey,9,1,Apple iPhone 8 Plus 64GB,2612,Mobile Phones
10,apple iphone 8 plus 64gb space grey,10,1,Apple iPhone 8 Plus 64GB,2612,Mobile Phones
11,apple iphone 8 plus 5.5 single sim 4g 64gb silver,11,1,Apple iPhone 8 Plus 64GB,2612,Mobile Phones
12,sim free iphone 8 plus 64gb by apple space grey,12,1,Apple iPhone 8 Plus 64GB,2612,Mobile Phones
13,apple iphone 8 plus 64gb gold smartphone,13,1,Apple iPhone 8 Plus 64GB,2612,Mobile Phones
14,apple iphone 8 plus 5.5 single sim 4g 64gb grey,14,1,Apple iPhone 8 Plus 64GB,2612,Mobile Phones
15,apple iphone 8 plus silver 5.5 64gb 4g unlocked sim free,15,1,Apple iPhone 8 Plus 64GB,2612,Mobile Phones
16,apple iphone 8 plus 64 gb silver,16,1,Apple iPhone 8 Plus 64GB,2612,Mobile Phones
17,apple iphone 8 plus 64gb silver unlocked,17,1,Apple iPhone 8 Plus 64GB,2612,Mobile Phones
18,apple iphone 8 plus 14 cm 5.5 64 gb 12 mp ios 11 silver,18,1,Apple iPhone 8 Plus 64GB,2612,Mobile Phones
19,iphone 8 plus sim free water dust resistant 64gb silver by apple,19,1,Apple iPhone 8 Plus 64GB,2612,Mobile Phones
20,iphone 8 plus 64gb space grey,20,1,Apple iPhone 8 Plus 64GB,2612,Mobile Phones
21,apple iphone 8 plus,21,1,Apple iPhone 8 Plus 64GB,2612,Mobile Phones
22,sim free iphone 8 plus 64gb mobile phone space grey,22,1,Apple iPhone 8 Plus 64GB,2612,Mobile Phones
23,apple mq8m2b/a 5.5 iphone 8 plus 64gb silver in stock uk spec stock,23,1,Apple iPhone 8 Plus 64GB,2612,Mobile Phones
24,apple mnqq2b/a iphone 7 plus 32gb 5.5 12mp sim free smartphone in rose gold,3,2,Apple iPhone 7 Plus 32GB,2612,Mobile Phones
25,apple iphone 7 plus 32 gb rose gold,2,2,Apple iPhone 7 Plus 32GB,2612,Mobile Phones
26,apple iphone 7 plus 32gb rose gold,4,2,Apple iPhone 7 Plus 32GB,2612,Mobile Phones
27,apple iphone 7 plus 32gb silver,1,2,Apple iPhone 7 Plus 32GB,2612,Mobile Phones
28,apple iphone 7 plus silver 32gb 4g unlocked sim free,5,2,Apple iPhone 7 Plus 32GB,2612,Mobile Phones
29,apple iphone 7 plus silver 32gb 4g unlocked sim free,6,2,Apple iPhone 7 Plus 32GB,2612,Mobile Phones
30,apple iphone 7 plus jet black 32 gb,7,2,Apple iPhone 7 Plus 32GB,2612,Mobile Phones
31,apple iphone 7 plus 32gb silver,9,2,Apple iPhone 7 Plus 32GB,2612,Mobile Phones
32,apple iphone 7 plus 32gb black,8,2,Apple iPhone 7 Plus 32GB,2612,Mobile Phones
33,apple iphone 7 plus 32gb black,10,2,Apple iPhone 7 Plus 32GB,2612,Mobile Phones
34,apple iphone 7 plus 5.5 single sim 4g 3gb 32gb 2900mah silver,11,2,Apple iPhone 7 Plus 32GB,2612,Mobile Phones
35,iphone 7 plus 32gb black,24,2,Apple iPhone 7 Plus 32GB,2612,Mobile Phones
36,sim free iphone 7 plus 32gb by apple black,12,2,Apple iPhone 7 Plus 32GB,2612,Mobile Phones
37,apple iphone 7 plus 5.5 single sim 4g 3gb 32gb 2900mah pink gold,14,2,Apple iPhone 7 Plus 32GB,2612,Mobile Phones
38,apple iphone 7 plus 32gb schwarz smartphone,13,2,Apple iPhone 7 Plus 32GB,2612,Mobile Phones
39,apple iphone 7 plus rose gold 5.5 32gb 4g unlocked sim free,15,2,Apple iPhone 7 Plus 32GB,2612,Mobile Phones
40,sim free iphone 7 plus 32gb mobile phone silver,22,2,Apple iPhone 7 Plus 32GB,2612,Mobile Phones
41,apple iphone 7 plus 5.5 inch multi touch 32gb wlan wwan bluetooth c,18,2,Apple iPhone 7 Plus 32GB,2612,Mobile Phones
42,apple iphone 7 plus 32gb rosegold 3 brand new,25,2,Apple iPhone 7 Plus 32GB,2612,Mobile Phones
43,iphone 7 plus 32gb silver,20,2,Apple iPhone 7 Plus 32GB,2612,Mobile Phones
44,apple iphone 7 plus,21,2,Apple iPhone 7 Plus 32GB,2612,Mobile Phones
45,iphone 7 plus 32gb rose gold mnqq2b/a wc01,26,2,Apple iPhone 7 Plus 32GB,2612,Mobile Phones
46,apple grade b iphone 7 32gb gold handset only,5,3,Apple iPhone 7 32GB,2612,Mobile Phones
47,grade b apple iphone 7 32gb silver handset only,6,3,Apple iPhone 7 32GB,2612,Mobile Phones
48,apple mn8x2b/a iphone 7 32gb 4.7 12mp sim free smartphone in black,3,3,Apple iPhone 7 32GB,2612,Mobile Phones
49,apple iphone 7 32 gb matt schwarz,2,3,Apple iPhone 7 32GB,2612,Mobile Phones
50,iphone 7 32gb gold,4,3,Apple iPhone 7 32GB,2612,Mobile Phones
51,apple iphone 7 black 32 gb,7,3,Apple iPhone 7 32GB,2612,Mobile Phones
52,apple iphone 7 32gb silver,9,3,Apple iPhone 7 32GB,2612,Mobile Phones
53,apple iphone 7 32gb black,27,3,Apple iPhone 7 32GB,2612,Mobile Phones
54,apple iphone 7 32gb silver unlocked,8,3,Apple iPhone 7 32GB,2612,Mobile Phones
55,apple iphone 7 32gb rose gold unlocked,10,3,Apple iPhone 7 32GB,2612,Mobile Phones
56,apple iphone 7 32gb schwarz smartphone,13,3,Apple iPhone 7 32GB,2612,Mobile Phones
57,apple iphone 7 32gb gold,1,3,Apple iPhone 7 32GB,2612,Mobile Phones
58,apple iphone 7 black 4.7 32gb 4g unlocked sim free,15,3,Apple iPhone 7 32GB,2612,Mobile Phones
59,apple iphone 7 4.7 single sim 4g 2gb 32gb 1960mah gold,11,3,Apple iPhone 7 32GB,2612,Mobile Phones
60,apple iphone 7 4.7 single sim 4g 2gb 32gb 1960mah black,14,3,Apple iPhone 7 32GB,2612,Mobile Phones
61,sim free iphone 7 32gb mobile phone jet black,22,3,Apple iPhone 7 32GB,2612,Mobile Phones
62,apple iphone 7 11.9 cm 4.7 32 gb 12 mp ios 10 black,18,3,Apple iPhone 7 32GB,2612,Mobile Phones
63,apple iphone 7 32gb jet black,17,3,Apple iPhone 7 32GB,2612,Mobile Phones
64,apple iphone 7 32gb silver unlocked brand new,25,3,Apple iPhone 7 32GB,2612,Mobile Phones
65,iphone 7 32gb black,20,3,Apple iPhone 7 32GB,2612,Mobile Phones
66,apple iphone 7,21,3,Apple iPhone 7 32GB,2612,Mobile Phones
67,iphone 7 32gb black mn8x2b/a wc01,26,3,Apple iPhone 7 32GB,2612,Mobile Phones
68,startech.com usb c to hdmi multi monitor adapter 3 port mst hub usb type c to hdmi monitor splitter usb 3.1 type c black,17,4,Apple iPhone 8 64GB,2612,Mobile Phones
69,startech.com usb c to hdmi multi monitor adapter 3 port mst hub usb type c to hdmi monitor splitter usb 3.1 type c black,3,4,Apple iPhone 8 64GB,2612,Mobile Phones
70,grade b apple iphone 8 64gb gold handset only,5,4,Apple iPhone 8 64GB,2612,Mobile Phones
71,grade b apple iphone 8 64gb gold handset only,6,4,Apple iPhone 8 64GB,2612,Mobile Phones
72,apple iphone 8 64gb space grey,1,4,Apple iPhone 8 64GB,2612,Mobile Phones
73,apple iphone 8 smartphone 64gb 4.7 zoll spacegrau,28,4,Apple iPhone 8 64GB,2612,Mobile Phones
74,apple iphone 8 64 gb silber,2,4,Apple iPhone 8 64GB,2612,Mobile Phones
75,apple iphone 8 64gb schwarz smartphone,13,4,Apple iPhone 8 64GB,2612,Mobile Phones
76,apple iphone 8 space grey 4.7 64gb 4g unlocked sim free,15,4,Apple iPhone 8 64GB,2612,Mobile Phones
77,apple iphone 8 64 gb space grey,7,4,Apple iPhone 8 64GB,2612,Mobile Phones
78,apple iphone 8 64gb gold,9,4,Apple iPhone 8 64GB,2612,Mobile Phones
79,apple iphone 8 64gb gold,4,4,Apple iPhone 8 64GB,2612,Mobile Phones
80,apple iphone 8 64gb space grey,8,4,Apple iPhone 8 64GB,2612,Mobile Phones
81,apple iphone 8 64gb space grey,10,4,Apple iPhone 8 64GB,2612,Mobile Phones
82,apple iphone 8 4.7 single sim 4g 64gb silver,11,4,Apple iPhone 8 64GB,2612,Mobile Phones
83,apple iphone 8 4.7 single sim 4g 64gb grey,14,4,Apple iPhone 8 64GB,2612,Mobile Phones
84,apple iphone 8 64 gb spaceship grey,16,4,Apple iPhone 8 64GB,2612,Mobile Phones
85,apple iphone 8 4.7 inch multi touch retina hd display 64gb wlan wwa,18,4,Apple iPhone 8 64GB,2612,Mobile Phones
86,iphone 8 64gb space grey,20,4,Apple iPhone 8 64GB,2612,Mobile Phones
87,apple iphone 8,21,4,Apple iPhone 8 64GB,2612,Mobile Phones
88,sim free iphone 8 64gb mobile phone space grey,22,4,Apple iPhone 8 64GB,2612,Mobile Phones
89,apple mq6g2b/a 4.7 iphone 8 64gb space grey in stock uk spec stock,23,4,Apple iPhone 8 64GB,2612,Mobile Phones
90,apple iphone x 64gb space grey,1,5,Apple iPhone X 64GB,2612,Mobile Phones
91,apple mqac2b/a iphone x 64gb 4.8 12mp sim free smartphone in space grey,3,5,Apple iPhone X 64GB,2612,Mobile Phones
92,apple iphone x 64 gb spacegrau,2,5,Apple iPhone X 64GB,2612,Mobile Phones
93,apple iphone x 14.7 cm 5.8 64 gb single sim 4g grey,14,5,Apple iPhone X 64GB,2612,Mobile Phones
94,apple iphone x 64gb grau smartphone,13,5,Apple iPhone X 64GB,2612,Mobile Phones
95,apple iphone x 64 gb silver,16,5,Apple iPhone X 64GB,2612,Mobile Phones
96,apple iphone x space grey 5.8 64gb 4g unlocked sim free,5,5,Apple iPhone X 64GB,2612,Mobile Phones
97,apple iphone x space grey 5.8 64gb 4g unlocked sim free,6,5,Apple iPhone X 64GB,2612,Mobile Phones
98,iphone x 64gb silver,4,5,Apple iPhone X 64GB,2612,Mobile Phones
99,apple iphone x 64 gb silver,7,5,Apple iPhone X 64GB,2612,Mobile Phones
100,apple iphone x 64gb space grey,8,5,Apple iPhone X 64GB,2612,Mobile Phones
101,apple iphone x 64gb silver,10,5,Apple iPhone X 64GB,2612,Mobile Phones
102,iphone x 64gb space grey,24,5,Apple iPhone X 64GB,2612,Mobile Phones
103,apple iphone x 5.8 single sim 4g 64gb silver,11,5,Apple iPhone X 64GB,2612,Mobile Phones
104,apple iphone x silver 5.8 64gb 4g unlocked sim free,15,5,Apple iPhone X 64GB,2612,Mobile Phones
105,apple iphone iphone x 14.7 cm 5.8 64 gb 12 mp ios 11 silver,18,5,Apple iPhone X 64GB,2612,Mobile Phones
106,apple iphone x 64gb silver solo unlocked,17,5,Apple iPhone X 64GB,2612,Mobile Phones
107,sim free iphone x 64gb mobile phone silver,22,5,Apple iPhone X 64GB,2612,Mobile Phones
108,apple iphone x smartphone 4g lte advanced 64 gb gsm 5.8 2436 x 1125 pixels 458 ppi super retina hd 12 mp 7 mp front camera space grey mqac2b/a c2000,26,5,Apple iPhone X 64GB,2612,Mobile Phones
109,apple iphone x,21,5,Apple iPhone X 64GB,2612,Mobile Phones
110,apple mqad2b/a 5.8 iphone x 64gb silver in stock uk spec stock,23,5,Apple iPhone X 64GB,2612,Mobile Phones
111,grade a samsung galaxy s8 pink 5.8 64gb 4g unlocked sim free,5,6,Samsung Galaxy S8 64GB,2612,Mobile Phones
112,samsung galaxy s8 sm g950f 64gb sim free smartphone midnight black,3,6,Samsung Galaxy S8 64GB,2612,Mobile Phones
113,samsung galaxy s8 g950f 64gb lte midnight black,2,6,Samsung Galaxy S8 64GB,2612,Mobile Phones
114,samsung galaxy s8 sm g950f 14.7 cm 5.8 4 gb 64 gb 4g black 3000 mah,11,6,Samsung Galaxy S8 64GB,2612,Mobile Phones
115,samsung galaxy s8 64gb midnight black,24,6,Samsung Galaxy S8 64GB,2612,Mobile Phones
116,samsung galaxy s8 artic silver 5.8 64gb 4g unlocked sim free,6,6,Samsung Galaxy S8 64GB,2612,Mobile Phones
117,samsung galaxy s8 midnight black 5.8 64gb 4g unlocked sim free,15,6,Samsung Galaxy S8 64GB,2612,Mobile Phones
118,samsung galaxy s8 g9500 4gb ram 64gb rom dual sim orchid gray,29,6,Samsung Galaxy S8 64GB,2612,Mobile Phones
119,samsung galaxy s8 64gb eu smartphone,30,6,Samsung Galaxy S8 64GB,2612,Mobile Phones
120,samsung galaxy s8 single sim 64gb android uk version sim free smartphone midnight black with samsung original level box slim wireless portable bluetooth speaker,17,6,Samsung Galaxy S8 64GB,2612,Mobile Phones
121,samsung galaxy s8 midnight black,8,6,Samsung Galaxy S8 64GB,2612,Mobile Phones
122,5.8 infinity display dual camera octa core 4gb ram 64gb 3000,4,6,Samsung Galaxy S8 64GB,2612,Mobile Phones
123,samsung galaxy s8 64 gb orchid grey,7,6,Samsung Galaxy S8 64GB,2612,Mobile Phones
124,samsung mobile galaxy s8 series mobile phone in black,31,6,Samsung Galaxy S8 64GB,2612,Mobile Phones
125,samsung galaxy s8 sm g950f 14.7 cm 5.8 4 gb 64 gb single sim 4g,14,6,Samsung Galaxy S8 64GB,2612,Mobile Phones
126,samsung sm g950fzkabtu galaxy s8 64gb in midnight black,32,6,Samsung Galaxy S8 64GB,2612,Mobile Phones
127,samsung 64gb black galaxy s8 sm g950fzkabtu,33,6,Samsung Galaxy S8 64GB,2612,Mobile Phones
128,sim free galaxy s8 64gb by samsung black,12,6,Samsung Galaxy S8 64GB,2612,Mobile Phones
129,samsung galaxy s8 sm g950f 14.7 cm 5.8 64 gb 12 mp android 7,18,6,Samsung Galaxy S8 64GB,2612,Mobile Phones
130,samsung galaxy s8,21,6,Samsung Galaxy S8 64GB,2612,Mobile Phones
131,sim free samsung galaxy s8 64gb mobile phone black,22,6,Samsung Galaxy S8 64GB,2612,Mobile Phones
132,apple mqaf2b/a iphone x 256gb 4.8 12mp sim free smartphone in space grey,3,7,Apple iPhone X 256GB,2612,Mobile Phones
133,apple iphone x 256 gb spacegrau,2,7,Apple iPhone X 256GB,2612,Mobile Phones
134,apple iphone x 256gb silver,1,7,Apple iPhone X 256GB,2612,Mobile Phones
135,apple iphone x 256 gb spaceship grey,16,7,Apple iPhone X 256GB,2612,Mobile Phones
136,iphone x 256gb space grey,4,7,Apple iPhone X 256GB,2612,Mobile Phones
137,apple iphone x silver 5.8 256gb 4g unlocked sim free,5,7,Apple iPhone X 256GB,2612,Mobile Phones
138,apple iphone x silver 5.8 256gb 4g unlocked sim free,6,7,Apple iPhone X 256GB,2612,Mobile Phones
139,apple iphone x 256 gb silver,7,7,Apple iPhone X 256GB,2612,Mobile Phones
140,apple iphone x 256gb silver solo unlocked,17,7,Apple iPhone X 256GB,2612,Mobile Phones
141,apple iphone x silver 5.8 256gb 4g unlocked sim free,15,7,Apple iPhone X 256GB,2612,Mobile Phones
142,apple iphone x 256gb silver,8,7,Apple iPhone X 256GB,2612,Mobile Phones
143,apple iphone x 256gb silver,10,7,Apple iPhone X 256GB,2612,Mobile Phones
144,apple iphone x 256gb grau smartphone,13,7,Apple iPhone X 256GB,2612,Mobile Phones
145,apple iphone x 5.8 single sim 4g 256gb silver,11,7,Apple iPhone X 256GB,2612,Mobile Phones
146,sim free iphone x 256gb by apple space grey,12,7,Apple iPhone X 256GB,2612,Mobile Phones
147,iphone x 256gb space grey,24,7,Apple iPhone X 256GB,2612,Mobile Phones
148,apple iphone x 5.8 single sim 4g 256gb silver,14,7,Apple iPhone X 256GB,2612,Mobile Phones
149,apple iphone iphone x 14.7 cm 5.8 256 gb 12 mp ios 11 silver,18,7,Apple iPhone X 256GB,2612,Mobile Phones
150,sim free iphone x 256gb mobile phone space grey,22,7,Apple iPhone X 256GB,2612,Mobile Phones
151,apple iphone x 256gb space grey mqaf2b/a ad01,26,7,Apple iPhone X 256GB,2612,Mobile Phones
152,apple mqag2b/a 5.8 iphone x 256gb silver in stock uk spec stock,23,7,Apple iPhone X 256GB,2612,Mobile Phones
153,apple iphone 7 4.7 inch multi touch 128gb wlan wwan bluetooth camera fingerprint sensor ios10 rose gold,3,8,Apple iPhone 7 128GB,2612,Mobile Phones
154,apple iphone 7 128gb black,1,8,Apple iPhone 7 128GB,2612,Mobile Phones
155,apple iphone 7 rose gold 4.7 128gb 4g unlocked sim free,5,8,Apple iPhone 7 128GB,2612,Mobile Phones
156,apple iphone 7 128gb gold smartphone,13,8,Apple iPhone 7 128GB,2612,Mobile Phones
157,apple iphone 7 128gb rose gold,4,8,Apple iPhone 7 128GB,2612,Mobile Phones
158,apple iphone 7 rose gold 4.7 128gb 4g unlocked sim free,6,8,Apple iPhone 7 128GB,2612,Mobile Phones
159,apple iphone 7 128gb silver,9,8,Apple iPhone 7 128GB,2612,Mobile Phones
160,apple iphone 7 128gb black unlocked,8,8,Apple iPhone 7 128GB,2612,Mobile Phones
161,apple iphone 7 128gb black unlocked,10,8,Apple iPhone 7 128GB,2612,Mobile Phones
162,apple iphone 7 128gb silver,15,8,Apple iPhone 7 128GB,2612,Mobile Phones
163,apple iphone 7 4.7 single sim 4g 2gb 128gb 1960mah gold,11,8,Apple iPhone 7 128GB,2612,Mobile Phones
164,iphone 7 128gb black,24,8,Apple iPhone 7 128GB,2612,Mobile Phones
165,apple iphone 7 4.7 single sim 4g 2gb 128gb 1960mah pink gold,14,8,Apple iPhone 7 128GB,2612,Mobile Phones
166,apple iphone 7 128 gb diamant schwarz,2,8,Apple iPhone 7 128GB,2612,Mobile Phones
167,apple iphone 7 128gb italia nero opaco,17,8,Apple iPhone 7 128GB,2612,Mobile Phones
168,apple sim free iphone 7 water dust resistant 128gb silver,19,8,Apple iPhone 7 128GB,2612,Mobile Phones
169,11.938 cm 4.7 1334 x 750 retina hd a10 m10 128gb touch id,18,8,Apple iPhone 7 128GB,2612,Mobile Phones
170,iphone 7 128gb silver,20,8,Apple iPhone 7 128GB,2612,Mobile Phones
171,sim free iphone 7 128gb mobile phone jet black,22,8,Apple iPhone 7 128GB,2612,Mobile Phones
172,iphone 7 128gb silver mn932b/a wc01,26,8,Apple iPhone 7 128GB,2612,Mobile Phones
173,apple iphone 8 plus 256gb gold,1,9,Apple iPhone 8 Plus 256GB,2612,Mobile Phones
174,apple iphone 8 plus 256 gb silber,2,9,Apple iPhone 8 Plus 256GB,2612,Mobile Phones
175,apple iphone 8 plus 256gb space grey,4,9,Apple iPhone 8 Plus 256GB,2612,Mobile Phones
176,apple iphone 8 plus gold 5.5 256gb 4g unlocked sim free,5,9,Apple iPhone 8 Plus 256GB,2612,Mobile Phones
177,apple iphone 8 plus gold 5.5 256gb 4g unlocked sim free,6,9,Apple iPhone 8 Plus 256GB,2612,Mobile Phones
178,apple iphone 8 plus 256 gb space grey,7,9,Apple iPhone 8 Plus 256GB,2612,Mobile Phones
179,apple iphone 8 plus 256gb space grey,9,9,Apple iPhone 8 Plus 256GB,2612,Mobile Phones
180,apple iphone 8 plus 256gb silver,8,9,Apple iPhone 8 Plus 256GB,2612,Mobile Phones
181,apple iphone 8 plus 256gb gold,10,9,Apple iPhone 8 Plus 256GB,2612,Mobile Phones
182,apple iphone 8 plus 5.5 single sim 4g 256gb grey,11,9,Apple iPhone 8 Plus 256GB,2612,Mobile Phones
183,apple telekom iphone 8 plus 256gb spacegrau unlocked,3,9,Apple iPhone 8 Plus 256GB,2612,Mobile Phones
184,apple iphone 8 plus 5.5 single sim 4g 256gb grey,14,9,Apple iPhone 8 Plus 256GB,2612,Mobile Phones
185,apple iphone 8 plus 256gb schwarz smartphone,13,9,Apple iPhone 8 Plus 256GB,2612,Mobile Phones
186,apple iphone iphone 8 plus 14 cm 5.5 256 gb 12 mp ios 11 sil,18,9,Apple iPhone 8 Plus 256GB,2612,Mobile Phones
187,iphone 8 plus 256gb gold,20,9,Apple iPhone 8 Plus 256GB,2612,Mobile Phones
188,sim free iphone 8 plus 256gb mobile phone space grey,22,9,Apple iPhone 8 Plus 256GB,2612,Mobile Phones
189,iphone 8 plus 256gb silver mq8q2b/a wc01,26,9,Apple iPhone 8 Plus 256GB,2612,Mobile Phones
190,apple mq8q2b/a 5.5 iphone 8 plus 256gb silver in stock uk spec stock,23,9,Apple iPhone 8 Plus 256GB,2612,Mobile Phones
191,apple iphone 8 256gb gold,1,10,Apple iPhone 8 256GB,2612,Mobile Phones
192,apple iphone 8 4.7 inch 256gb 12mp mobile phone silver,3,10,Apple iPhone 8 256GB,2612,Mobile Phones
193,apple iphone 8 256gb gold smartphone,13,10,Apple iPhone 8 256GB,2612,Mobile Phones
194,apple iphone 8 256 gb blush gold,2,10,Apple iPhone 8 256GB,2612,Mobile Phones
195,apple iphone 8 256gb silver,4,10,Apple iPhone 8 256GB,2612,Mobile Phones
196,apple iphone 8 smartphone 256gb 4.7 zoll spacegrau,28,10,Apple iPhone 8 256GB,2612,Mobile Phones
197,apple iphone 8 gold 4.7 256gb 4g unlocked sim free,5,10,Apple iPhone 8 256GB,2612,Mobile Phones
198,apple iphone 8 gold 4.7 256gb 4g unlocked sim free,6,10,Apple iPhone 8 256GB,2612,Mobile Phones
199,iphone 8 256gb gold,24,10,Apple iPhone 8 256GB,2612,Mobile Phones
200,apple iphone 8 256 gb gold,7,10,Apple iPhone 8 256GB,2612,Mobile Phones
201,apple iphone 8 256gb space grey,9,10,Apple iPhone 8 256GB,2612,Mobile Phones
202,apple iphone 8 256 gb gold,8,10,Apple iPhone 8 256GB,2612,Mobile Phones
203,apple iphone 8 256gb space grey,10,10,Apple iPhone 8 256GB,2612,Mobile Phones
204,apple iphone 8 4.7 single sim 4g 256gb silver,11,10,Apple iPhone 8 256GB,2612,Mobile Phones
205,apple iphone 8 4.7 single sim 4g 256gb gold,14,10,Apple iPhone 8 256GB,2612,Mobile Phones
206,apple iphone 8 11.9 cm 4.7 256 gb 12 mp ios 11 grey,18,10,Apple iPhone 8 256GB,2612,Mobile Phones
207,iphone 8 256gb silver,20,10,Apple iPhone 8 256GB,2612,Mobile Phones
208,sim free iphone 8 256gb mobile phone space grey,22,10,Apple iPhone 8 256GB,2612,Mobile Phones
209,iphone 8 256gb gold mq7e2b/a wc01,26,10,Apple iPhone 8 256GB,2612,Mobile Phones
210,apple mq7e2b/a 4.7 iphone 8 256gb gold in stock uk spec stock,23,10,Apple iPhone 8 256GB,2612,Mobile Phones
211,samsung galaxy s7 sm g930f 32gb unlocked smartphone black,3,11,Samsung Galaxy S7 32GB,2612,Mobile Phones
212,samsung galaxy s7 sm g930f 32gb white pearl,2,11,Samsung Galaxy S7 32GB,2612,Mobile Phones
213,exdisplay samsung s7 flat black,4,11,Samsung Galaxy S7 32GB,2612,Mobile Phones
214,samsung galaxy s7 32gb gold platinum,24,11,Samsung Galaxy S7 32GB,2612,Mobile Phones
215,samsung galaxy s7 flat black onyx 5.1 32gb 4g unlocked sim free,5,11,Samsung Galaxy S7 32GB,2612,Mobile Phones
216,samsung galaxy s7 flat black onyx 5.1 32gb 4g unlocked sim free,6,11,Samsung Galaxy S7 32GB,2612,Mobile Phones
217,samsung galaxy s7 flat black onyx 5.1 32gb 4g unlocked sim free,15,11,Samsung Galaxy S7 32GB,2612,Mobile Phones
218,samsung galaxy s7 sm g930f 32gb 4g white smartphones single sim android nanosim gsm hspa lte,17,11,Samsung Galaxy S7 32GB,2612,Mobile Phones
219,samsung galaxy s7 sm g930f 5.1 single sim 4g 4gb 32gb 3000mah black,11,11,Samsung Galaxy S7 32GB,2612,Mobile Phones
220,samsung galaxy s7 sm g930f 5.1 single sim 4g 4gb 32gb 3000mah black,14,11,Samsung Galaxy S7 32GB,2612,Mobile Phones
221,samsung sm g930fzwabtu galaxy s7 32gb smartphone in white,32,11,Samsung Galaxy S7 32GB,2612,Mobile Phones
222,samsung galaxy s7 32gb gold,8,11,Samsung Galaxy S7 32GB,2612,Mobile Phones
223,samsung galaxy s7,21,11,Samsung Galaxy S7 32GB,2612,Mobile Phones
224,samsung galaxy s7 32gb premium pre owned mobile phone black,22,11,Samsung Galaxy S7 32GB,2612,Mobile Phones
225,samsung galaxy s7 flat 32gb black sm g930fzkabtu wc01,26,11,Samsung Galaxy S7 32GB,2612,Mobile Phones
226,apple iphone 7 plus 128 gb diamant schwarz,2,12,Apple iPhone 7 Plus 128GB,2612,Mobile Phones
227,apple iphone 7 plus 128gb rose gold,1,12,Apple iPhone 7 Plus 128GB,2612,Mobile Phones
228,apple iphone 7 plus 128gb silver,4,12,Apple iPhone 7 Plus 128GB,2612,Mobile Phones
229,apple iphone 7 plus jet black 5.5 128gb 4g unlocked sim free,5,12,Apple iPhone 7 Plus 128GB,2612,Mobile Phones
230,apple iphone 7 plus jet black 5.5 128gb 4g unlocked sim free,6,12,Apple iPhone 7 Plus 128GB,2612,Mobile Phones
231,apple iphone 7 plus jet black 5.5 128gb 4g unlocked sim free,15,12,Apple iPhone 7 Plus 128GB,2612,Mobile Phones
232,apple iphone 7 plus 128gb black,9,12,Apple iPhone 7 Plus 128GB,2612,Mobile Phones
233,apple iphone 7 plus 128gb black,8,12,Apple iPhone 7 Plus 128GB,2612,Mobile Phones
234,apple iphone 7 plus 128gb silver,10,12,Apple iPhone 7 Plus 128GB,2612,Mobile Phones
235,apple iphone 7 plus 128gb gold smartphone,13,12,Apple iPhone 7 Plus 128GB,2612,Mobile Phones
236,apple iphone 7 plus 5.5 single sim 4g 3gb 128gb 2900mah silver,11,12,Apple iPhone 7 Plus 128GB,2612,Mobile Phones
237,apple iphone 7 plus 5.5 single sim 4g 3gb 128gb 2900mah gold,14,12,Apple iPhone 7 Plus 128GB,2612,Mobile Phones
238,apple mn4q2b/a iphone 7 plus 128gb 5.5 12mp sim free smartphone in gold,3,12,Apple iPhone 7 Plus 128GB,2612,Mobile Phones
239,iphone 7 plus 128gb silver,17,12,Apple iPhone 7 Plus 128GB,2612,Mobile Phones
240,iphone 7 plus 128gb jet black,24,12,Apple iPhone 7 Plus 128GB,2612,Mobile Phones
241,sim free iphone 7 plus 128gb mobile phone black,22,12,Apple iPhone 7 Plus 128GB,2612,Mobile Phones
242,apple iphone 7 plus 5.5 inch multi touch 128gb wlan wwan bluetooth,18,12,Apple iPhone 7 Plus 128GB,2612,Mobile Phones
243,iphone 7 plus 128gb rose gold,20,12,Apple iPhone 7 Plus 128GB,2612,Mobile Phones
244,iphone 7 plus 128gb silver mn4p2b/a wc01,26,12,Apple iPhone 7 Plus 128GB,2612,Mobile Phones
245,grade c samsung galaxy s8 black 6.2 64gb 4g unlocked sim free,5,13,Samsung Galaxy S8+ 64GB,2612,Mobile Phones
246,grade c samsung galaxy s8 black 6.2 64gb 4g unlocked sim free,6,13,Samsung Galaxy S8+ 64GB,2612,Mobile Phones
247,samsung galaxy s8 64gb midnight black unlocked,3,13,Samsung Galaxy S8+ 64GB,2612,Mobile Phones
248,samsung galaxy s8 g955f 64gb lte midnight black,2,13,Samsung Galaxy S8+ 64GB,2612,Mobile Phones
249,samsung galaxy s8 64gb orchid grey,24,13,Samsung Galaxy S8+ 64GB,2612,Mobile Phones
250,samsung galaxy s8 plus 64gb smartphone,30,13,Samsung Galaxy S8+ 64GB,2612,Mobile Phones
251,samsung galaxy s8 artic silver 6.2 64gb 4g unlocked sim free,15,13,Samsung Galaxy S8+ 64GB,2612,Mobile Phones
252,samsung galaxy s8 plus 64gb black,1,13,Samsung Galaxy S8+ 64GB,2612,Mobile Phones
253,6.2 infinity display dual camera octa core 4gb ram 64gb 3500,4,13,Samsung Galaxy S8+ 64GB,2612,Mobile Phones
254,samsung galaxy s8 sm g955f 6.2 single sim 4g 4gb 64gb 3500mah black,11,13,Samsung Galaxy S8+ 64GB,2612,Mobile Phones
255,samsung galaxy s8 sm g955f 6.2 single sim 4g 4gb 64gb 3500mah grey,14,13,Samsung Galaxy S8+ 64GB,2612,Mobile Phones
256,samsung mobile galaxy s8 series mobile phone in orchid grey,31,13,Samsung Galaxy S8+ 64GB,2612,Mobile Phones
257,samsung smg955fziabt galaxy s8 64gb in pink,32,13,Samsung Galaxy S8+ 64GB,2612,Mobile Phones
258,samsung 64gb silver galaxy s8 sm g955fzsabtu,33,13,Samsung Galaxy S8+ 64GB,2612,Mobile Phones
259,samsung galaxy s8 orchid grey,8,13,Samsung Galaxy S8+ 64GB,2612,Mobile Phones
260,15.748 cm 6.2 2960 x 1440 samoled octa core 2.3ghz quad 1.7gh,18,13,Samsung Galaxy S8+ 64GB,2612,Mobile Phones
261,sim free galaxy s8 plus 64gb by samsung grey,12,13,Samsung Galaxy S8+ 64GB,2612,Mobile Phones
262,samsung galaxy s8 plus,21,13,Samsung Galaxy S8+ 64GB,2612,Mobile Phones
263,sim free samsung galaxy s8 64gb mobile phone black,22,13,Samsung Galaxy S8+ 64GB,2612,Mobile Phones
264,iphone 6s space grey 128gb 4.7 unlocked sim free,5,14,Apple iPhone 6S 128GB,2612,Mobile Phones
265,iphone 6s 128gb silver a9 chip with 64 bit retina hd display with 3d,4,14,Apple iPhone 6S 128GB,2612,Mobile Phones
266,iphone 6s space grey 128gb 4.7 unlocked sim free,6,14,Apple iPhone 6S 128GB,2612,Mobile Phones
267,apple iphone 6s sim free 128gb silver,8,14,Apple iPhone 6S 128GB,2612,Mobile Phones
268,sim free iphone 6s 128gb mobile phone space grey,22,14,Apple iPhone 6S 128GB,2612,Mobile Phones
269,apple iphone 6s 4.7 single sim 4g 128gb pink gold,11,14,Apple iPhone 6S 128GB,2612,Mobile Phones
270,apple iphone 6s 128gb gold sim free unlocked smartphone 128gb gold,3,14,Apple iPhone 6S 128GB,2612,Mobile Phones
271,apple iphone 6s 4.7 single sim 4g 128gb silver,14,14,Apple iPhone 6S 128GB,2612,Mobile Phones
272,apple iphone 6s 128 gb gold,2,14,Apple iPhone 6S 128GB,2612,Mobile Phones
273,apple iphone 6s 128gb gold,27,14,Apple iPhone 6S 128GB,2612,Mobile Phones
274,apple iphone 6s 128gb gold unlocked,10,14,Apple iPhone 6S 128GB,2612,Mobile Phones
275,11.938 cm 4.7 1334 x 750 3d touch a9 m9 128gb touch id 8,18,14,Apple iPhone 6S 128GB,2612,Mobile Phones
276,iphone 6s 128gb gold mkqv2b/a wc01,26,14,Apple iPhone 6S 128GB,2612,Mobile Phones
277,apple mn2v2b/a iphone 6s plus 32gb 5.5 12mp sim free smartphone in space grey,3,15,Apple iPhone 6S Plus 32GB,2612,Mobile Phones
278,apple iphone 6s plus space grey 32gb 4g unlocked sim free,5,15,Apple iPhone 6S Plus 32GB,2612,Mobile Phones
279,iphone 6s plus 32gb space grey,4,15,Apple iPhone 6S Plus 32GB,2612,Mobile Phones
280,apple iphone 6s plus space grey 32gb 4g unlocked sim free,6,15,Apple iPhone 6S Plus 32GB,2612,Mobile Phones
281,apple iphone 6s plus space grey 32gb 4g unlocked sim free,15,15,Apple iPhone 6S Plus 32GB,2612,Mobile Phones
282,apple iphone 6s plus 32gb space grey unlocked,8,15,Apple iPhone 6S Plus 32GB,2612,Mobile Phones
283,apple iphone 6s plus 32gb space grey unlocked,10,15,Apple iPhone 6S Plus 32GB,2612,Mobile Phones
284,apple iphone 6s plus 5.5 single sim 4g 32gb pink gold,11,15,Apple iPhone 6S Plus 32GB,2612,Mobile Phones
285,apple iphone 7 32gb black mn8x2zd/a,2,15,Apple iPhone 6S Plus 32GB,2612,Mobile Phones
286,apple iphone 6s plus 5.5 single sim 4g 32gb silver,14,15,Apple iPhone 6S Plus 32GB,2612,Mobile Phones
287,apple iphone 6s plus 5.5 inch multi touch 32gb wlan wwan bluetooth,18,15,Apple iPhone 6S Plus 32GB,2612,Mobile Phones
288,sim free iphone 6s plus 32gb mobile phone space grey,22,15,Apple iPhone 6S Plus 32GB,2612,Mobile Phones
289,iphone 6s plus 32gb silver mn2w2b/a wc01,26,15,Apple iPhone 6S Plus 32GB,2612,Mobile Phones
290,apple iphone 6s plus,21,15,Apple iPhone 6S Plus 32GB,2612,Mobile Phones
291,samsung galaxy s9 64 gb dual sim midnight black android 8.0 international version,3,16,Samsung Galaxy S9 64GB,2612,Mobile Phones
292,samsung galaxy s9 dual sim smartphone coral blue,13,16,Samsung Galaxy S9 64GB,2612,Mobile Phones
293,samsung galaxy s9 g960f 64gb lte midnight black,2,16,Samsung Galaxy S9 64GB,2612,Mobile Phones
294,samsung galaxy s9 duos 64gb midnight black,24,16,Samsung Galaxy S9 64GB,2612,Mobile Phones
295,samsung galaxy s9 midnight black 5.8 64gb 4g unlocked sim free,5,16,Samsung Galaxy S9 64GB,2612,Mobile Phones
296,samsung galaxy s9 lilac purple 5.8 64gb 4g unlocked sim free,6,16,Samsung Galaxy S9 64GB,2612,Mobile Phones
297,samsung galaxy s9 sm 960f 5.8 single sim 4g 4gb 64gb 3000mah black,11,16,Samsung Galaxy S9 64GB,2612,Mobile Phones
298,samsung galaxy s9 midnight black 5.8 64gb 4g unlocked sim free,15,16,Samsung Galaxy S9 64GB,2612,Mobile Phones
299,samsung galaxy s9 5.8 super amoled 64gb android 8.0 coral blue,8,16,Samsung Galaxy S9 64GB,2612,Mobile Phones
300,samsung s9 galaxy purple 64gb mobile phone sim free,4,16,Samsung Galaxy S9 64GB,2612,Mobile Phones
301,samsung galaxy s9 single sim 64 gb 5.8 inch android 8.0 oreo uk version sim free smartphone midnight black,17,16,Samsung Galaxy S9 64GB,2612,Mobile Phones
302,samsung mobile galaxy s9 series mobile phone in purple,31,16,Samsung Galaxy S9 64GB,2612,Mobile Phones
303,samsung galaxy s9 sm g960f 5.8 single sim 4g 4gb 64gb 3000mah black,14,16,Samsung Galaxy S9 64GB,2612,Mobile Phones
304,samsung galaxy s9,21,16,Samsung Galaxy S9 64GB,2612,Mobile Phones
305,sim free samsung galaxy s9 64gb mobile phone coral blue,22,16,Samsung Galaxy S9 64GB,2612,Mobile Phones
306,apple iphone 6s 32 gb silver,2,17,Apple iPhone 6S 32GB,2612,Mobile Phones
307,apple iphone 6s silver 4.7 32gb 4g unlocked sim free,5,17,Apple iPhone 6S 32GB,2612,Mobile Phones
308,apple iphone 6s 4.7 single sim 4g 32gb grey,14,17,Apple iPhone 6S 32GB,2612,Mobile Phones
309,apple iphone 6s silver 4.7 32gb 4g unlocked sim free,6,17,Apple iPhone 6S 32GB,2612,Mobile Phones
310,apple iphone 6s 32gb space grey,4,17,Apple iPhone 6S 32GB,2612,Mobile Phones
311,iphone 6s 32gb space grey 4.7 unlocked sim free,15,17,Apple iPhone 6S 32GB,2612,Mobile Phones
312,apple iphone 6s 32gb rose gold unlocked,8,17,Apple iPhone 6S 32GB,2612,Mobile Phones
313,apple iphone 6s 32gb gold unlocked,10,17,Apple iPhone 6S 32GB,2612,Mobile Phones
314,apple iphone 6s 4.7 single sim 4g 32gb silver,11,17,Apple iPhone 6S 32GB,2612,Mobile Phones
315,apple iphone 6s 32gb grau handy,13,17,Apple iPhone 6S 32GB,2612,Mobile Phones
316,apple mn0w2b/a iphone 6s 32gb space grey 4.7in a9 ios phones iphones,3,17,Apple iPhone 6S 32GB,2612,Mobile Phones
317,11.938 cm 4.7 1334 x 750 3d touch a9 m9 32gb touch id 80,18,17,Apple iPhone 6S 32GB,2612,Mobile Phones
318,sim free iphone 6s 32gb mobile phone silver,22,17,Apple iPhone 6S 32GB,2612,Mobile Phones
319,iphone 6s 32gb rose gold mn122b/a wc01,26,17,Apple iPhone 6S 32GB,2612,Mobile Phones
320,apple iphone 6s plus 128 gb sim free smartphone gold refurbished,3,18,Apple iPhone 6S Plus 128GB,2612,Mobile Phones
321,sim free iphone 6s plus 128gb mobile phone silver,22,18,Apple iPhone 6S Plus 128GB,2612,Mobile Phones
322,apple iphone 6s plus 128 gb gold,2,18,Apple iPhone 6S Plus 128GB,2612,Mobile Phones
323,apple iphone 6s plus silver 128gb 5.5 4g unlocked sim free,5,18,Apple iPhone 6S Plus 128GB,2612,Mobile Phones
324,apple iphone 6s plus silver 128gb 5.5 4g unlocked sim free,6,18,Apple iPhone 6S Plus 128GB,2612,Mobile Phones
325,apple iphone 6s plus sim free 128gb rose gold,8,18,Apple iPhone 6S Plus 128GB,2612,Mobile Phones
326,apple iphone 6s plus sim free 128gb gold,10,18,Apple iPhone 6S Plus 128GB,2612,Mobile Phones
327,iphone 6s plus space grey 128gb unlocked sim free,15,18,Apple iPhone 6S Plus 128GB,2612,Mobile Phones
328,apple iphone 6s plus 5.5 single sim 4g 128gb silver,11,18,Apple iPhone 6S Plus 128GB,2612,Mobile Phones
329,iphone 6s 128gb silver a9 chip with 64 bit retina hd display with 3,4,18,Apple iPhone 6S Plus 128GB,2612,Mobile Phones
330,apple iphone 6s plus 5.5 single sim 4g 128gb silver,14,18,Apple iPhone 6S Plus 128GB,2612,Mobile Phones
331,apple iphone 6s plus 5.5 inch multi touch 128gb wlan wwan bluetooth,18,18,Apple iPhone 6S Plus 128GB,2612,Mobile Phones
332,apple iphone 6s plus 4g 128gb silver de,17,18,Apple iPhone 6S Plus 128GB,2612,Mobile Phones
333,iphone 6s plus 128gb rose gold mkug2b/a wc01,26,18,Apple iPhone 6S Plus 128GB,2612,Mobile Phones
334,samsung galaxy a3 2017,34,19,Samsung Galaxy A3 SM-A320F,2612,Mobile Phones
335,samsung a3 2017,35,19,Samsung Galaxy A3 SM-A320F,2612,Mobile Phones
336,sim free samsung a3 2017 16gb mobile phone blue mist,22,19,Samsung Galaxy A3 SM-A320F,2612,Mobile Phones
337,samsung galaxy a3 2017 gold 4.7 16gb 4g unlocked sim free,5,19,Samsung Galaxy A3 SM-A320F,2612,Mobile Phones
338,samsung galaxy a32017smartphone 16gb,3,19,Samsung Galaxy A3 SM-A320F,2612,Mobile Phones
339,samsung galaxy a3 2017 gold 4.7 16gb 4g unlocked sim free,6,19,Samsung Galaxy A3 SM-A320F,2612,Mobile Phones
340,samsung galaxy a3 2017 a320f peach cloud,2,19,Samsung Galaxy A3 SM-A320F,2612,Mobile Phones
341,samsung sm a320fzbnbtu galaxy a3 2017 16gb smartphone in blue,32,19,Samsung Galaxy A3 SM-A320F,2612,Mobile Phones
342,samsung galaxy a3 2017 gold 4.7 16gb 4g unlocked sim free,15,19,Samsung Galaxy A3 SM-A320F,2612,Mobile Phones
343,samsung galaxy a3 2017 16gb gold sand,24,19,Samsung Galaxy A3 SM-A320F,2612,Mobile Phones
344,samsung galaxy a3 2017 peach cloud smartphone original,13,19,Samsung Galaxy A3 SM-A320F,2612,Mobile Phones
345,samsung galaxy a3 2017 sm a320 4.7 inch smartphone octa core 1.6g,18,19,Samsung Galaxy A3 SM-A320F,2612,Mobile Phones
346,samsung galaxy a3 black 2017,8,19,Samsung Galaxy A3 SM-A320F,2612,Mobile Phones
347,samsung galaxy a3 2017 smartphone,30,19,Samsung Galaxy A3 SM-A320F,2612,Mobile Phones
348,samsung mobile galaxy a3 2017 mobile phone in gold,31,19,Samsung Galaxy A3 SM-A320F,2612,Mobile Phones
349,samsung galaxy a3 2017 sm a320fl 4.7 single sim 4g 2gb 16gb,14,19,Samsung Galaxy A3 SM-A320F,2612,Mobile Phones
350,mob/samsung/a320 a3 2017 blue,4,19,Samsung Galaxy A3 SM-A320F,2612,Mobile Phones
351,grade c samsung galaxy a5 2017 gold 5.2 32gb 4g unlocked sim free,5,20,Samsung Galaxy A5 SM-A520F,2612,Mobile Phones
352,grade c samsung galaxy a5 2017 gold 5.2 32gb 4g unlocked sim free,6,20,Samsung Galaxy A5 SM-A520F,2612,Mobile Phones
353,samsung galaxy a5 2017 sm a520f 32gb black sky,2,20,Samsung Galaxy A5 SM-A520F,2612,Mobile Phones
354,sim free samsung a5 2017 32gb mobile phone blue mist,22,20,Samsung Galaxy A5 SM-A520F,2612,Mobile Phones
355,samsung smartphone phone galaxy a5 lte 2017 32gb gold 16mpx informatics,3,20,Samsung Galaxy A5 SM-A520F,2612,Mobile Phones
356,samsung galaxy a5 2017 32gb black sky,24,20,Samsung Galaxy A5 SM-A520F,2612,Mobile Phones
357,samsung sm a520fziabtu galaxy a5 2017 32gb smartphone in peach cloud,32,20,Samsung Galaxy A5 SM-A520F,2612,Mobile Phones
358,samsung galaxy a5 2017 gold 5.2 32gb 4g unlocked sim free,15,20,Samsung Galaxy A5 SM-A520F,2612,Mobile Phones
359,samsung galaxy a5 2017 5.2inches touch screen 32gb storage android 13 226.0black,17,20,Samsung Galaxy A5 SM-A520F,2612,Mobile Phones
360,samsung galaxy a5 2017 sm a520f 5.2 single sim 4g 3gb 32gb 3000mah black,11,20,Samsung Galaxy A5 SM-A520F,2612,Mobile Phones
361,samsung galaxy a5 2017 sm a520f 5.2 single sim 4g 3gb 32gb,14,20,Samsung Galaxy A5 SM-A520F,2612,Mobile Phones
362,grade a samsung galaxy a5 2017 eu sim free smartphone,30,20,Samsung Galaxy A5 SM-A520F,2612,Mobile Phones
363,samsung galaxy a5 2017 5.2 super amoled full hd display 32gb 16mp cmos camera gold sand,8,20,Samsung Galaxy A5 SM-A520F,2612,Mobile Phones
364,samsung galaxy a5 2017 sm a520f 13.2 cm 5.2 32 gb 16 mp andr,18,20,Samsung Galaxy A5 SM-A520F,2612,Mobile Phones
365,samsung galaxy a5 4g 32gb sand gold smartphone,4,20,Samsung Galaxy A5 SM-A520F,2612,Mobile Phones
366,samsung mobile galaxy a5 2017 mobile phone in gold,31,20,Samsung Galaxy A5 SM-A520F,2612,Mobile Phones
367,samsung galaxy note 8 sm n950f sim free smartphone 64gb midnight black,3,21,Samsung Galaxy Note 8 64GB,2612,Mobile Phones
368,samsung galaxy note8 64gb maple gold,24,21,Samsung Galaxy Note 8 64GB,2612,Mobile Phones
369,samsung n950f galaxy note 8 deepsea blue,2,21,Samsung Galaxy Note 8 64GB,2612,Mobile Phones
370,samsung galaxy note 8 smartphone midnight black,13,21,Samsung Galaxy Note 8 64GB,2612,Mobile Phones
371,samsung galaxy note 8 gold 6.3 64gb 4g unlocked sim free,5,21,Samsung Galaxy Note 8 64GB,2612,Mobile Phones
372,samsung galaxy note 8 black 6.3 64gb 4g unlocked sim free,6,21,Samsung Galaxy Note 8 64GB,2612,Mobile Phones
373,samsung galaxy note 8 gold 6.3 64gb 4g unlocked sim free,15,21,Samsung Galaxy Note 8 64GB,2612,Mobile Phones
374,samsung mobile mobile phone in black,31,21,Samsung Galaxy Note 8 64GB,2612,Mobile Phones
375,samsung galaxy note8 sm n950f 6.3 single sim 4g 6gb 64gb 3300mah gold,14,21,Samsung Galaxy Note 8 64GB,2612,Mobile Phones
376,samsung galaxy note8 64 gb black,7,21,Samsung Galaxy Note 8 64GB,2612,Mobile Phones
377,samsung galaxy note 8 sm n950f sim free smartphone single sim gold,17,21,Samsung Galaxy Note 8 64GB,2612,Mobile Phones
378,samsung galaxy note8 black,8,21,Samsung Galaxy Note 8 64GB,2612,Mobile Phones
379,samsung galaxy note 8 sm n950f 16 cm 6.3 6 gb 12 mp android 7,18,21,Samsung Galaxy Note 8 64GB,2612,Mobile Phones
380,samsung galaxy note 8,21,21,Samsung Galaxy Note 8 64GB,2612,Mobile Phones
381,sim free samsung galaxy note 8 64gb mobile phone black,22,21,Samsung Galaxy Note 8 64GB,2612,Mobile Phones
382,doro 5030,35,22,Doro 5030,2612,Mobile Phones
383,doro 5030 white 1.7 2g unlocked sim free,6,22,Doro 5030,2612,Mobile Phones
384,doro 5030 white 1.7 2g unlocked sim free,5,22,Doro 5030,2612,Mobile Phones
385,doro 7112 5030 easy to use 2g uk sim free mobile phone white,17,22,Doro 5030,2612,Mobile Phones
386,doro 5030 white 1.7 2g unlocked sim free,15,22,Doro 5030,2612,Mobile Phones
387,doro 5030 mobile phone white,4,22,Doro 5030,2612,Mobile Phones
388,doro 7112 5030 easy to use 2g uk sim free mobile phone white,3,22,Doro 5030,2612,Mobile Phones
389,doro doro 5030 mobile phone in white,31,22,Doro 5030,2612,Mobile Phones
390,doro phoneeasy 5030 4.32 cm 1.7 128 x 160 pixels single sim gs,18,22,Doro 5030,2612,Mobile Phones
391,doro phoneeasy 5030 1.7 78g black graphite,14,22,Doro 5030,2612,Mobile Phones
392,doro 5030 anthrazit telekom,2,22,Doro 5030,2612,Mobile Phones
393,sim free 5030 white by doro,12,22,Doro 5030,2612,Mobile Phones
394,sim free doro 5030 graphite,19,22,Doro 5030,2612,Mobile Phones
395,doro 5030 champagne,24,22,Doro 5030,2612,Mobile Phones
396,sim free doro 5030 candy bar mobile phone black,22,22,Doro 5030,2612,Mobile Phones
397,doro 5030 mobiltelefon mit gro tasten 160 x 128 pixel farbe 4.3 cm 1.7 graphite 380424,36,22,Doro 5030,2612,Mobile Phones
398,doro 5030 easy to use mobile phone,37,22,Doro 5030,2612,Mobile Phones
399,doro 5030 easy to use mobile phone,38,22,Doro 5030,2612,Mobile Phones
400,doro 5030,21,22,Doro 5030,2612,Mobile Phones
401,mob/doro/5030 graphite 7086 c2000,26,22,Doro 5030,2612,Mobile Phones
402,apple iphone se 4 inch multi touch 32gb wlan wwan bluetooth camera fingerprint sensor ios9 silver,3,23,Apple iPhone SE 32GB,2612,Mobile Phones
403,apple iphone se 32gb silver,8,23,Apple iPhone SE 32GB,2612,Mobile Phones
404,apple iphone se 32gb space grey,10,23,Apple iPhone SE 32GB,2612,Mobile Phones
405,apple iphone se space grey 4 32gb 4g unlocked sim free,5,23,Apple iPhone SE 32GB,2612,Mobile Phones
406,apple iphone se rose gold 4 32gb 4g unlocked sim free,6,23,Apple iPhone SE 32GB,2612,Mobile Phones
407,apple iphone se 32 gb gold,2,23,Apple iPhone SE 32GB,2612,Mobile Phones
408,apple iphone se gold 4 32gb 4g unlocked sim free,15,23,Apple iPhone SE 32GB,2612,Mobile Phones
409,apple iphone se 32gb rose gold smartphone,13,23,Apple iPhone SE 32GB,2612,Mobile Phones
410,iphone se 32gb space grey,4,23,Apple iPhone SE 32GB,2612,Mobile Phones
411,apple iphone se 4 single sim 4g 32gb silver,11,23,Apple iPhone SE 32GB,2612,Mobile Phones
412,10.16 cm 4 ips 640 x 1136 a9 m9 32gb lte 802.11ac bluetoo,18,23,Apple iPhone SE 32GB,2612,Mobile Phones
413,apple iphone se 10.2 cm 4 32 gb single sim 4g gold,14,23,Apple iPhone SE 32GB,2612,Mobile Phones
414,sim free iphone se 32gb mobile phone silver,22,23,Apple iPhone SE 32GB,2612,Mobile Phones
415,grade b samsung s7 edge black 32gb unlocked sim free,5,24,Samsung Galaxy S7 Edge 32GB,2612,Mobile Phones
416,grade b samsung s7 edge black 32gb unlocked sim free,6,24,Samsung Galaxy S7 Edge 32GB,2612,Mobile Phones
417,samsung galaxy s7 edge sm g935f factory unlocked smartphone titanium silver,3,24,Samsung Galaxy S7 Edge 32GB,2612,Mobile Phones
418,samsung galaxy s7 edge 32gb gold platinum,2,24,Samsung Galaxy S7 Edge 32GB,2612,Mobile Phones
419,samsung galaxy s7 edge 32gb smartphone,30,24,Samsung Galaxy S7 Edge 32GB,2612,Mobile Phones
420,samsung galaxy s7 edge gold 5.5 32gb 4g unlocked sim free,15,24,Samsung Galaxy S7 Edge 32GB,2612,Mobile Phones
421,samsung galaxy s7 edge 32 gb sim free smartphone black,17,24,Samsung Galaxy S7 Edge 32GB,2612,Mobile Phones
422,samsung galaxy s7 edge 32gb black,8,24,Samsung Galaxy S7 Edge 32GB,2612,Mobile Phones
423,samsung galaxy s7 edge 32gb,1,24,Samsung Galaxy S7 Edge 32GB,2612,Mobile Phones
424,samsung sm g935fedabtu galaxy s7 edge 32gb smartphone in pink gold,32,24,Samsung Galaxy S7 Edge 32GB,2612,Mobile Phones
425,samsung galaxy s7 edge 32gb black,27,24,Samsung Galaxy S7 Edge 32GB,2612,Mobile Phones
426,sony xperia xa2 ultra dual sim gold,2,25,Sony Xperia XA2 Ultra 32GB,2612,Mobile Phones
427,sony xperia xa2 ultra 6 inch 32 gb android o uk sim free smartphone black,3,25,Sony Xperia XA2 Ultra 32GB,2612,Mobile Phones
428,sony xperia xa2 ultra black 6 32gb 4g unlocked sim free,5,25,Sony Xperia XA2 Ultra 32GB,2612,Mobile Phones
429,sony xperia xa2 ultra black 6 32gb 4g unlocked sim free,6,25,Sony Xperia XA2 Ultra 32GB,2612,Mobile Phones
430,sony xperia xa2 ultra 6 inch 32 gb android o uk sim free smartphone silver,17,25,Sony Xperia XA2 Ultra 32GB,2612,Mobile Phones
431,sony xperia xa2 ultra black 6 32gb 4g unlocked sim free,15,25,Sony Xperia XA2 Ultra 32GB,2612,Mobile Phones
432,sony mobile xperia xa series mobile phone in black,31,25,Sony Xperia XA2 Ultra 32GB,2612,Mobile Phones
433,sony xperia xa2 ultra blue,1,25,Sony Xperia XA2 Ultra 32GB,2612,Mobile Phones
434,sony xperia xa2 ultra silver,10,25,Sony Xperia XA2 Ultra 32GB,2612,Mobile Phones
435,sony xperia xa2 ultra 6 4g 4gb 32gb 3580mah black,11,25,Sony Xperia XA2 Ultra 32GB,2612,Mobile Phones
436,sony xperia xa2 ultra uk sim free smartphone,30,25,Sony Xperia XA2 Ultra 32GB,2612,Mobile Phones
437,sony xperia xa2 ultra 6 4g 4gb 32gb 3580mah black,14,25,Sony Xperia XA2 Ultra 32GB,2612,Mobile Phones
438,sony xperia xa2 ultra black,4,25,Sony Xperia XA2 Ultra 32GB,2612,Mobile Phones
439,sony xperia xa2 ultra,21,25,Sony Xperia XA2 Ultra 32GB,2612,Mobile Phones
440,sim free sony xa2 ultra 32gb mobile phone black,22,25,Sony Xperia XA2 Ultra 32GB,2612,Mobile Phones
441,samsung galaxy j5 2017 16gb sim free smartphone gold sm j530f,3,26,Samsung Galaxy J5 SM-J530,2612,Mobile Phones
442,samsung galaxy j5 2017 black 5.2 16gb 4g unlocked sim free,5,26,Samsung Galaxy J5 SM-J530,2612,Mobile Phones
443,samsung galaxy j5 2017 black 5.2 16gb 4g unlocked sim free,6,26,Samsung Galaxy J5 SM-J530,2612,Mobile Phones
444,samsung galaxy j5 2017 black 5.2 16gb 4g unlocked sim free,15,26,Samsung Galaxy J5 SM-J530,2612,Mobile Phones
445,samsung galaxy j5 16 gb black,7,26,Samsung Galaxy J5 SM-J530,2612,Mobile Phones
446,samsung galaxy j5 2017 5.2 hd display 16gb 13mp black,8,26,Samsung Galaxy J5 SM-J530,2612,Mobile Phones
447,samsung galaxy j5 2017 sm j530f 5.2 4g 2gb 16gb 3000mah black,14,26,Samsung Galaxy J5 SM-J530,2612,Mobile Phones
448,samsung galaxy j5 2017 5.2 inch smartphone octa core 1.6ghz 2gb 16g,18,26,Samsung Galaxy J5 SM-J530,2612,Mobile Phones
449,samsung galaxy j3 2017 edition,21,26,Samsung Galaxy J5 SM-J530,2612,Mobile Phones
450,sim free samsung galaxy j5 2017 16gb mobile phone gold,22,26,Samsung Galaxy J5 SM-J530,2612,Mobile Phones
451,sony xperia xz1 compact 4.6 inch hd screen android 8.0 oreo uk sim free smartphone with 4gb ram and 32 gb storage single sim black,17,27,Sony Xperia XZ1 Compact,2612,Mobile Phones
452,sony xperia xz1 compact 4.6 inch hd screen android 8.0 oreo uk sim free smartphone with 4gb ram and 32 gb storage single sim black,3,27,Sony Xperia XZ1 Compact,2612,Mobile Phones
453,sony xperia xz1 compact smartphone twilight pink,13,27,Sony Xperia XZ1 Compact,2612,Mobile Phones
454,sony xperia xz1 compact black,2,27,Sony Xperia XZ1 Compact,2612,Mobile Phones
455,sony xperia xz1 compact 32gb 4gb ram black,24,27,Sony Xperia XZ1 Compact,2612,Mobile Phones
456,sony xperia xz1 compact pink 4.6 32gb 4g unlocked sim free,5,27,Sony Xperia XZ1 Compact,2612,Mobile Phones
457,sony xperia xz1 compact pink 4.6 32gb 4g unlocked sim free,6,27,Sony Xperia XZ1 Compact,2612,Mobile Phones
458,sony mobile xperia xz series mobile phone in black,31,27,Sony Xperia XZ1 Compact,2612,Mobile Phones
459,sony xperia xz1 compact 4.6 4g 4gb 32gb 2700mah black,11,27,Sony Xperia XZ1 Compact,2612,Mobile Phones
460,sony xperia xz1 compact 32gb 4.6 triluminos display 19mp camera 4gb android smartphone,8,27,Sony Xperia XZ1 Compact,2612,Mobile Phones
461,sony xz1 compact black,4,27,Sony Xperia XZ1 Compact,2612,Mobile Phones
462,sony xperia xz1 compact pink 4.6 32gb 4g unlocked sim free,15,27,Sony Xperia XZ1 Compact,2612,Mobile Phones
463,sony xperia xz1 compact smartphone,30,27,Sony Xperia XZ1 Compact,2612,Mobile Phones
464,sony xperia xz1 compact 11.7 cm 4.6 32 gb 19 mp android 8 bl,18,27,Sony Xperia XZ1 Compact,2612,Mobile Phones
465,sim free sony xperia xz1 compact 32gb mobile phone black,22,27,Sony Xperia XZ1 Compact,2612,Mobile Phones
466,iphone se 128gb silver,4,28,Apple iPhone SE 128GB,2612,Mobile Phones
467,apple iphone se 128gb rose gold,8,28,Apple iPhone SE 128GB,2612,Mobile Phones
468,apple iphone se 128gb rose gold,10,28,Apple iPhone SE 128GB,2612,Mobile Phones
469,apple iphone se 4 single sim 4g 128gb gold,11,28,Apple iPhone SE 128GB,2612,Mobile Phones
470,apple iphone se 128gb rose gold 4g unlocked sim free,5,28,Apple iPhone SE 128GB,2612,Mobile Phones
471,10.16 cm 4 ips 640 x 1136 a9 m9 128gb lte 802.11ac blueto,18,28,Apple iPhone SE 128GB,2612,Mobile Phones
472,apple iphone se 128 gb silver,2,28,Apple iPhone SE 128GB,2612,Mobile Phones
473,apple iphone se 10.2 cm 4 128 gb single sim 4g silver,14,28,Apple iPhone SE 128GB,2612,Mobile Phones
474,apple iphone se gold 4 128gb 4g unlocked sim free,6,28,Apple iPhone SE 128GB,2612,Mobile Phones
475,apple iphone se 128gb silver,3,28,Apple iPhone SE 128GB,2612,Mobile Phones
476,sim free iphone se 128gb mobile phone rose gold,22,28,Apple iPhone SE 128GB,2612,Mobile Phones
477,sony xperia l1,35,29,Sony Xperia L1,2612,Mobile Phones
478,sony xperia l1 sim free smartphone black,17,29,Sony Xperia L1,2612,Mobile Phones
479,sony mobile xperia l series mobile phone in black,31,29,Sony Xperia L1,2612,Mobile Phones
480,sony xperia l1 16 gb black,7,29,Sony Xperia L1,2612,Mobile Phones
481,sony xperia l1 16gb black,4,29,Sony Xperia L1,2612,Mobile Phones
482,sony xperia l1 sim free smartphone white,3,29,Sony Xperia L1,2612,Mobile Phones
483,sony xperia l1 black 5.5 16gb 4g unlocked sim free,5,29,Sony Xperia L1,2612,Mobile Phones
484,sony xperia l1 white,2,29,Sony Xperia L1,2612,Mobile Phones
485,sony xperia l1,8,29,Sony Xperia L1,2612,Mobile Phones
486,sony xperia l1 5.5 4g 2gb 16gb 2620mah white,14,29,Sony Xperia L1,2612,Mobile Phones
487,sony xperia l1 5.5 4g 2gb 16gb 2620mah black,11,29,Sony Xperia L1,2612,Mobile Phones
488,sony xperia l1 16gb white,24,29,Sony Xperia L1,2612,Mobile Phones
489,13.97 cm 5.5 hd 720p mediatek quad core 64bit mt6737t 1.45ghzx4,18,29,Sony Xperia L1,2612,Mobile Phones
490,new genuine sony xperia l1 smartphone white 1308 1122,39,29,Sony Xperia L1,2612,Mobile Phones
491,sony xperia l1,21,29,Sony Xperia L1,2612,Mobile Phones
492,sim free sony xperia l1 16gb mobile phone white,22,29,Sony Xperia L1,2612,Mobile Phones
493,open box samsung galaxy j3 2016 smartphone,30,30,Samsung Galaxy J3 SM-J320F,2612,Mobile Phones
494,samsung galaxy j3 gold 2016 5 8gb 4g unlocked sim free,5,30,Samsung Galaxy J3 SM-J320F,2612,Mobile Phones
495,samsung galaxy j3 white 2016 5 inch 8gb 4g unlocked sim free,6,30,Samsung Galaxy J3 SM-J320F,2612,Mobile Phones
496,samsung galaxy j3 2016 5 inch smartphone quad core 1.5ghz 1.5gb ram,18,30,Samsung Galaxy J3 SM-J320F,2612,Mobile Phones
497,samsung galaxy j3 gold 2016 5 8gb 4g unlocked sim free,15,30,Samsung Galaxy J3 SM-J320F,2612,Mobile Phones
498,sim free samsung galaxy j3 2016 mobile phone black,22,30,Samsung Galaxy J3 SM-J320F,2612,Mobile Phones
499,samsung sm j320fzknbtu galaxy j3 2016 8gb smartphone in black,32,30,Samsung Galaxy J3 SM-J320F,2612,Mobile Phones
500,samsung galaxy j3 2016 white,8,30,Samsung Galaxy J3 SM-J320F,2612,Mobile Phones
501,smartphone samsung j320 galaxy j3 8gb colore gold tim,17,30,Samsung Galaxy J3 SM-J320F,2612,Mobile Phones
502,samsung galaxy j3 2016 8gb phone white,4,30,Samsung Galaxy J3 SM-J320F,2612,Mobile Phones
503,smartphone samsung j320 galaxy j3 8gb colore gold tim,3,30,Samsung Galaxy J3 SM-J320F,2612,Mobile Phones
504,sony xperia xz1 5.2 4gb ram 32 gb storage single sim smartphon,4,31,Sony Xperia XZ1,2612,Mobile Phones
505,sony xperia xz1 5.2 inch hd screen android 8.0 oreo uk sim free smartphone with 4gb ram and 32 gb storage single sim black,3,31,Sony Xperia XZ1,2612,Mobile Phones
506,sony xperia xz1 moonlit blue,2,31,Sony Xperia XZ1,2612,Mobile Phones
507,sony xperia xz1 64gb 4gb ram black,24,31,Sony Xperia XZ1,2612,Mobile Phones
508,sony xperia xz1 moonlit blue 5.2 64gb 4g unlocked sim free,5,31,Sony Xperia XZ1,2612,Mobile Phones
509,sony xperia xz1 moonlit blue 5.2 64gb 4g unlocked sim free,6,31,Sony Xperia XZ1,2612,Mobile Phones
510,sony mobile xperia xz series mobile phone in blue,31,31,Sony Xperia XZ1,2612,Mobile Phones
511,sony xperia xz1 sim free smartphone venus pink,17,31,Sony Xperia XZ1,2612,Mobile Phones
512,sony xperia xz1 5.2 4g 4gb 64gb 2700mah blue,11,31,Sony Xperia XZ1,2612,Mobile Phones
513,sony xperia xz1 smartphone,30,31,Sony Xperia XZ1,2612,Mobile Phones
514,sim free sony xperia xz1 mobile phone blue,22,31,Sony Xperia XZ1,2612,Mobile Phones
515,doro 5516,3,32,Doro 5516,2612,Mobile Phones
516,doro 5516 3g unlocked sim free,6,32,Doro 5516,2612,Mobile Phones
517,doro 5516 3g unlocked sim free,5,32,Doro 5516,2612,Mobile Phones
518,doro 5516 easy to use 2g sim free camera phone black,17,32,Doro 5516,2612,Mobile Phones
519,doro 5516 3g unlocked sim free,15,32,Doro 5516,2612,Mobile Phones
520,doro 5516 mobile phone black,4,32,Doro 5516,2612,Mobile Phones
521,doro 5516 6.1 cm 2.4 320 x 240 pixels microsd transflash 32,18,32,Doro 5516,2612,Mobile Phones
522,doro 5516 2.4 91g black senior phone,14,32,Doro 5516,2612,Mobile Phones
523,sim free 5516 by doro,12,32,Doro 5516,2612,Mobile Phones
524,sim free doro 5516,19,32,Doro 5516,2612,Mobile Phones
525,doro 5516 graphit,2,32,Doro 5516,2612,Mobile Phones
526,doro 5516 mobile phone 3g microsdhc slot gsm 320 x 240 pixels 2 mp black 7194 c2000,26,32,Doro 5516,2612,Mobile Phones
527,doro 5516,21,32,Doro 5516,2612,Mobile Phones
528,doro 5516 2.4zoll 91g graphit einsteigertelefon 320x240 49x36 mm 3.5 li ion 800 mah bloetooth 2.1 edr 380432,36,32,Doro 5516,2612,Mobile Phones
529,sony xperia xa1,35,33,Sony Xperia XA1,2612,Mobile Phones
530,sony xperia xa1 32gb phone gold,4,33,Sony Xperia XA1,2612,Mobile Phones
531,sony xperia xa1 sim free smartphone white,17,33,Sony Xperia XA1,2612,Mobile Phones
532,sony xperia xa1 32 gb black,7,33,Sony Xperia XA1,2612,Mobile Phones
533,sony xperia xa1 5 4g 3gb 32gb 2300mah pink gold,11,33,Sony Xperia XA1,2612,Mobile Phones
534,sony xperia xa1 sim free smartphone white,3,33,Sony Xperia XA1,2612,Mobile Phones
535,sony xperia xa1,2,33,Sony Xperia XA1,2612,Mobile Phones
536,sony xperia xa1 5 4g 3gb 32gb 2300mah gold,14,33,Sony Xperia XA1,2612,Mobile Phones
537,sony xperia xa1,8,33,Sony Xperia XA1,2612,Mobile Phones
538,sony xperia xa1 32gb white,24,33,Sony Xperia XA1,2612,Mobile Phones
539,sim free sony xperia xa1 32gb mobile phone gold,22,33,Sony Xperia XA1,2612,Mobile Phones
540,apple iphone xs max 64gb silver,1,34,Apple iPhone XS Max 64GB,2612,Mobile Phones
541,iphone xs max space grey 6.5 64gb 4g unlocked sim free,5,34,Apple iPhone XS Max 64GB,2612,Mobile Phones
542,apple iphone xs max 64 gb gold,2,34,Apple iPhone XS Max 64GB,2612,Mobile Phones
543,iphone xs max space grey 6.5 64gb 4g unlocked sim free,6,34,Apple iPhone XS Max 64GB,2612,Mobile Phones
544,iphone xs max space grey 6.5 64gb 4g unlocked sim free,15,34,Apple iPhone XS Max 64GB,2612,Mobile Phones
545,apple mt502b/a iphone xs max 64gb 6.5 12mp sim free smartphone in space grey,3,34,Apple iPhone XS Max 64GB,2612,Mobile Phones
546,iphone xs max gold 6.5 64gb 4g unlocked sim free,4,34,Apple iPhone XS Max 64GB,2612,Mobile Phones
547,apple iphone xs max 64 gb silver,7,34,Apple iPhone XS Max 64GB,2612,Mobile Phones
548,apple iphone xs max 64gb silver,9,34,Apple iPhone XS Max 64GB,2612,Mobile Phones
549,apple iphone xs max 64gb space grey,8,34,Apple iPhone XS Max 64GB,2612,Mobile Phones
550,apple iphone xs max 16.5 cm 6.5 64 gb dual sim 4g silver,14,34,Apple iPhone XS Max 64GB,2612,Mobile Phones
551,sim free iphone xs max 64gb mobile phone space grey,22,34,Apple iPhone XS Max 64GB,2612,Mobile Phones
552,sony xperia xa2 smartphone pink,13,35,Sony Xperia XA2,2612,Mobile Phones
553,sony xperia xa2 black,2,35,Sony Xperia XA2,2612,Mobile Phones
554,sony xperia xa2 32 gb android o uk sim free smartphone black,3,35,Sony Xperia XA2,2612,Mobile Phones
555,sony xperia xa2 black,8,35,Sony Xperia XA2,2612,Mobile Phones
556,sony xperia xa2 32gb black,24,35,Sony Xperia XA2,2612,Mobile Phones
557,sony xperia xa2 5.2 4g 3gb 32gb 3300mah black,11,35,Sony Xperia XA2,2612,Mobile Phones
558,1312 1890 sony xperia xa2 blac,4,35,Sony Xperia XA2,2612,Mobile Phones
559,sim free xperia xa2 32gb mobile phone pink,22,35,Sony Xperia XA2,2612,Mobile Phones
560,sony xperia xa2,21,35,Sony Xperia XA2,2612,Mobile Phones
561,samsung galaxy s9 plus 6.2 dual sim/hybrid sim 128gb sm g965f factory unlocked 4g smartphone coral blue,3,36,Samsung Galaxy S9+ 128GB,2612,Mobile Phones
562,samsung galaxy s9 coral blue 6.2 128gb 4g unlocked sim free,5,36,Samsung Galaxy S9+ 128GB,2612,Mobile Phones
563,samsung galaxy s9 coral blue 6.2 128gb 4g unlocked sim free,6,36,Samsung Galaxy S9+ 128GB,2612,Mobile Phones
564,mob/samsung/g965f s9 128gb sky blue,4,36,Samsung Galaxy S9+ 128GB,2612,Mobile Phones
565,samsung galaxy s9 lilac purple 6.2 128gb 4g unlocked sim free,15,36,Samsung Galaxy S9+ 128GB,2612,Mobile Phones
566,samsung galaxy s9 sm g965f 6.2 single sim 4g 6gb 128gb 3500mah black,11,36,Samsung Galaxy S9+ 128GB,2612,Mobile Phones
567,samsung galaxy s9 plus single sim 128 gb 6.2 inch android 8.0 oreo uk version sim free smartphone lilac purple,17,36,Samsung Galaxy S9+ 128GB,2612,Mobile Phones
568,samsung galaxy s9 sm g965f 6.2 single sim 4g 6gb 128gb 3500mah black,14,36,Samsung Galaxy S9+ 128GB,2612,Mobile Phones
569,sim free samsung galaxy s9 128gb mobile phone lilac purple,22,36,Samsung Galaxy S9+ 128GB,2612,Mobile Phones
570,honor 10 128gb dual sim smartphone phantom blue sim free/ unlocked,4,37,Huawei Honor 10 128GB Dual SIM,2612,Mobile Phones
571,open box honor 10 dual sim uk 128gb smartphone,30,37,Huawei Honor 10 128GB Dual SIM,2612,Mobile Phones
572,honor 10 dual sim 128 gb storage 24 mp dual camera and 5.84 inch full view display uk official device phantom blue,17,37,Huawei Honor 10 128GB Dual SIM,2612,Mobile Phones
573,honor 10 dual sim 128 gb storage 24 mp dual camera and 5.84 inch full view display uk official device phantom blue,3,37,Huawei Honor 10 128GB Dual SIM,2612,Mobile Phones
574,honor 10 mobile phone in phantom blue,31,37,Huawei Honor 10 128GB Dual SIM,2612,Mobile Phones
575,honor 10 phantom blue 5.84 128gb 4g dual sim unlocked sim free,5,37,Huawei Honor 10 128GB Dual SIM,2612,Mobile Phones
576,honor 10 phantom blue 5.84 128gb 4g dual sim unlocked sim free,6,37,Huawei Honor 10 128GB Dual SIM,2612,Mobile Phones
577,huawei honor 10 5.84 4gb 128gb 24mp android 8.1 smartphone,8,37,Huawei Honor 10 128GB Dual SIM,2612,Mobile Phones
578,huawei honor 10 128gb phantom blue,24,37,Huawei Honor 10 128GB Dual SIM,2612,Mobile Phones
579,honor 10,1,37,Huawei Honor 10 128GB Dual SIM,2612,Mobile Phones
580,honor 10 5.84 dual sim 4g 4gb 128gb 3400mah blue,14,37,Huawei Honor 10 128GB Dual SIM,2612,Mobile Phones
581,honor 10,21,37,Huawei Honor 10 128GB Dual SIM,2612,Mobile Phones
582,sim free honor 10 128gb mobile phone blue,22,37,Huawei Honor 10 128GB Dual SIM,2612,Mobile Phones
583,13.97 cm 5.5 hd 720p mediatek quad core 64bit mt6737t 1.45ghzx4,18,38,Sony Xperia XA1 Ultra 32GB,2612,Mobile Phones
584,sony xperia xa1 ultra black,2,38,Sony Xperia XA1 Ultra 32GB,2612,Mobile Phones
585,sony xperia xa1 ultra uk sim free smartphone white,17,38,Sony Xperia XA1 Ultra 32GB,2612,Mobile Phones
586,sony xperia xa1 ultra white,4,38,Sony Xperia XA1 Ultra 32GB,2612,Mobile Phones
587,sony xperia xa1 ultra uk sim free smartphone black,3,38,Sony Xperia XA1 Ultra 32GB,2612,Mobile Phones
588,sony xperia xa1 ultra 6 4g 4gb 32gb 2700mah white,11,38,Sony Xperia XA1 Ultra 32GB,2612,Mobile Phones
589,sony xperia xa1 ultra 6 4g 4gb 32gb 2700mah gold,14,38,Sony Xperia XA1 Ultra 32GB,2612,Mobile Phones
590,sony xperia xa1 ultra 32gb black,24,38,Sony Xperia XA1 Ultra 32GB,2612,Mobile Phones
591,sony xperia xa1 ultra 6 full hd 23mp camera octa core 32gb black,8,38,Sony Xperia XA1 Ultra 32GB,2612,Mobile Phones
592,sim free sony xperia xa1 ultra 32gb mobile phone black,22,38,Sony Xperia XA1 Ultra 32GB,2612,Mobile Phones
593,doro secure 580 white 3g sim free elderly and vunerable friendly with gps tracking hearing aid compatible,5,39,Doro Secure 580,2612,Mobile Phones
594,doro 6515 secure 580 3g sim free mobile phone white,17,39,Doro Secure 580,2612,Mobile Phones
595,doro secure 580 white 3g sim free elderly and vunerable friendly with gps tracking hearing aid compatible,6,39,Doro Secure 580,2612,Mobile Phones
596,doro 6515 secure 580 3g sim free mobile phone white,3,39,Doro Secure 580,2612,Mobile Phones
597,doro secure 580 white 3g sim free elderly and vunerable friendly with gps tracking hearing aid compatible,15,39,Doro Secure 580,2612,Mobile Phones
598,doro secure 580 schwarz wei,2,39,Doro Secure 580,2612,Mobile Phones
599,doro secure 580 1.8 100g white senior phone,14,39,Doro Secure 580,2612,Mobile Phones
600,doro secure 580iup white black,24,39,Doro Secure 580,2612,Mobile Phones
601,doro secure 580 100g schwarz wei 128 x 160 display ip54 gsm/3g gps bluetooth 2.1 800mah li ion schwarz/wei 380360,36,39,Doro Secure 580,2612,Mobile Phones
602,doro secure 580,21,39,Doro Secure 580,2612,Mobile Phones
603,gsm mobiltelefon dorophonesecur580s/w 380360,40,39,Doro Secure 580,2612,Mobile Phones
604,samsung galaxy s9 plus dual sim 64gb midnight black android 8.0 oreo spanish version,3,40,Samsung Galaxy S9+ 64GB,2612,Mobile Phones
605,samsung galaxy s9 dual sim smartphone coral blue,13,40,Samsung Galaxy S9+ 64GB,2612,Mobile Phones
606,samsung galaxy s9 g965f 64gb lte lilac purple,2,40,Samsung Galaxy S9+ 64GB,2612,Mobile Phones
607,samsung galaxy s9 duos 64gb midnight black,24,40,Samsung Galaxy S9+ 64GB,2612,Mobile Phones
608,samsung galaxy s9 dual sim 64 gb midnight,41,40,Samsung Galaxy S9+ 64GB,2612,Mobile Phones
609,mob/samsung/g965f s9 128gb purple,4,40,Samsung Galaxy S9+ 64GB,2612,Mobile Phones
610,samsung galaxy s9 plus single sim 128 gb 6.2 inch android 8.0 oreo uk version sim free smartphone midnight black,17,40,Samsung Galaxy S9+ 64GB,2612,Mobile Phones
611,samsung galaxy s9 6.2 super amoled 128gb android 8.0 coral blue,8,40,Samsung Galaxy S9+ 64GB,2612,Mobile Phones
612,sim free galaxy s9 plus 64gb purple by samsung,12,40,Samsung Galaxy S9+ 64GB,2612,Mobile Phones
613,samsung galaxy s9 plus,21,40,Samsung Galaxy S9+ 64GB,2612,Mobile Phones
614,nokia 8 sim free smartphone tempered blue,17,41,Nokia 8 64GB,2612,Mobile Phones
615,nokia 8 sim free smartphone steel,3,41,Nokia 8 64GB,2612,Mobile Phones
616,nokia 8 single sim silber,2,41,Nokia 8 64GB,2612,Mobile Phones
617,nokia 8 64gb 4gb ram silver,24,41,Nokia 8 64GB,2612,Mobile Phones
618,nokia 8 13.5 cm 5.3 64 gb 13 mp android 7.1.1 blue,18,41,Nokia 8 64GB,2612,Mobile Phones
619,nokia 8 5.3 4g 4gb 64gb 3090mah blue,11,41,Nokia 8 64GB,2612,Mobile Phones
620,sim free nokia 8 mobile phone silver,22,41,Nokia 8 64GB,2612,Mobile Phones
621,nokia 8,21,41,Nokia 8 64GB,2612,Mobile Phones
622,grade b samsung galaxy a8 gold,5,42,Samsung Galaxy A8 SM-A530F,2612,Mobile Phones
623,grade b samsung galaxy a8 gold,6,42,Samsung Galaxy A8 SM-A530F,2612,Mobile Phones
624,samsung galaxy a8 2018 sm a530f 4g black smartphones 14.2 cm 5.6 4 gb 16 mp android 7.1.1 black,3,42,Samsung Galaxy A8 SM-A530F,2612,Mobile Phones
625,samsung a8 gresm a530fzvabtu,4,42,Samsung Galaxy A8 SM-A530F,2612,Mobile Phones
626,samsung mobile mobile phone in black,31,42,Samsung Galaxy A8 SM-A530F,2612,Mobile Phones
627,samsung galaxy a8 black sm a530f,33,42,Samsung Galaxy A8 SM-A530F,2612,Mobile Phones
628,samsung galaxy a8 2018 5.6 super amoled 32gbandroid7.0 orchidgrey,8,42,Samsung Galaxy A8 SM-A530F,2612,Mobile Phones
629,samsung galaxy a8 2018 sm a530f 14.2 cm 5.6 4 gb 32 gb single,14,42,Samsung Galaxy A8 SM-A530F,2612,Mobile Phones
630,sim free samsung galaxy a8 32gb mobile phone orchid grey,22,42,Samsung Galaxy A8 SM-A530F,2612,Mobile Phones
631,doro 6520,35,43,Doro 6520,2612,Mobile Phones
632,doro phoneeasy 6520 fold large display big buttons unlocked phone pale rose/white,3,43,Doro 6520,2612,Mobile Phones
633,doro 6520 mobile phone 3g microsdhc slot gsm 320 x 240 pixel,4,43,Doro 6520,2612,Mobile Phones
634,doro 6520 grey/white 2.8 3g unlocked sim free,5,43,Doro 6520,2612,Mobile Phones
635,doro 6520 7.11 cm 2.8 320 x 240 pixels microsd transflash 32,18,43,Doro 6520,2612,Mobile Phones
636,doro 6520 grey/white 2.8 3g unlocked sim free,6,43,Doro 6520,2612,Mobile Phones
637,doro 6520 graphite/white 2.8in 1gb,14,43,Doro 6520,2612,Mobile Phones
638,doro 6520 grey/white 2.8 3g unlocked sim free,15,43,Doro 6520,2612,Mobile Phones
639,doro doro 6520 mobile phone in white grey,31,43,Doro 6520,2612,Mobile Phones
640,doro 7118 6520 easy to use 3g uk sim free mobile phone graphite/white,17,43,Doro 6520,2612,Mobile Phones
641,sim free doro 6520 graphite white,19,43,Doro 6520,2612,Mobile Phones
642,doro 6520,21,43,Doro 6520,2612,Mobile Phones
643,sim free doro 6520 mobile phone black,22,43,Doro 6520,2612,Mobile Phones
644,apple iphone 7 256 gb matt schwarz,2,44,Apple iPhone 7 256GB,2612,Mobile Phones
645,apple iphone 7 uk sim free smartphone 256 gb gold,3,44,Apple iPhone 7 256GB,2612,Mobile Phones
646,apple iphone 7 4.7 single sim 4g 2gb 256gb 1960mah red,11,44,Apple iPhone 7 256GB,2612,Mobile Phones
647,11.938 cm 4.7 1334 x 750 retina hd a10 m10 256gb touch id,18,44,Apple iPhone 7 256GB,2612,Mobile Phones
648,apple iphone 7 256gb silver unlocked,8,44,Apple iPhone 7 256GB,2612,Mobile Phones
649,apple iphone 7 256gb silver unlocked,10,44,Apple iPhone 7 256GB,2612,Mobile Phones
650,apple iphone 7 4.7 single sim 4g 2gb 256gb 1960mah red,14,44,Apple iPhone 7 256GB,2612,Mobile Phones
651,sim free apple iphone 7 256gb premium pre owned gold,22,44,Apple iPhone 7 256GB,2612,Mobile Phones
652,iphone 7 256gb silver mn982b/a wc01,26,44,Apple iPhone 7 256GB,2612,Mobile Phones
653,8040 5in 16gb black,18,45,Doro 8040,2612,Mobile Phones
654,doro 8040 graphit,2,45,Doro 8040,2612,Mobile Phones
655,doro 8040 black 5 16gb 4g unlocked sim free,5,45,Doro 8040,2612,Mobile Phones
656,doro 8040 4g sim free mobile phone black,17,45,Doro 8040,2612,Mobile Phones
657,doro 8040 black 5 16gb 4g unlocked sim free,6,45,Doro 8040,2612,Mobile Phones
658,doro 8040 black,4,45,Doro 8040,2612,Mobile Phones
659,doro 8040 black 5 16gb 4g unlocked sim free,15,45,Doro 8040,2612,Mobile Phones
660,doro 8040 4g sim free mobile phone black,3,45,Doro 8040,2612,Mobile Phones
661,doro 8040 16gb graphite black,24,45,Doro 8040,2612,Mobile Phones
662,sim free doro 8040,19,45,Doro 8040,2612,Mobile Phones
663,doro 8040 senioren smartphone 16 gb 12 70cm 5 hd nano sim graphit grau 380434,36,45,Doro 8040,2612,Mobile Phones
664,doro 8040,21,45,Doro 8040,2612,Mobile Phones
665,blackberry keyone 4.5 32gb 4g unlocked sim free,5,46,Blackberry KEYone 32GB,2612,Mobile Phones
666,blackberry keyone 4.5 32gb 4g unlocked sim free,6,46,Blackberry KEYone 32GB,2612,Mobile Phones
667,blackberry keyone schwarz,2,46,Blackberry KEYone 32GB,2612,Mobile Phones
668,blackberry keyone 32gb 3gb ram uk sim free single sim smartphone silver,3,46,Blackberry KEYone 32GB,2612,Mobile Phones
669,blackberry keyone 32gb 3gb ram uk sim free single sim smartphone silver,17,46,Blackberry KEYone 32GB,2612,Mobile Phones
670,blackberry keyone 4.5 32gb 4g unlocked sim free,15,46,Blackberry KEYone 32GB,2612,Mobile Phones
671,mob/blackberry/keyone 4.5 32gb 12mp,4,46,Blackberry KEYone 32GB,2612,Mobile Phones
672,blackberry keyone 11.4 cm 4.5 3 gb 32 gb 4g black 3205 mah,11,46,Blackberry KEYone 32GB,2612,Mobile Phones
673,blackberry keyone,21,46,Blackberry KEYone 32GB,2612,Mobile Phones
674,sim free blackberry keyone 32gb mobile phone silver,22,46,Blackberry KEYone 32GB,2612,Mobile Phones
675,motorola moto g6 play 32gb deep indigo,24,47,Moto G6 32GB,2612,Mobile Phones
676,motorola moto g6 5.7 inch android 8.0 oreo uk sim free smartphone with 3gb ram and 32gb storage single sim deep indigo,17,47,Moto G6 32GB,2612,Mobile Phones
677,motorola moto g6 indigo 5.7 32gb 4g unlocked sim free,5,47,Moto G6 32GB,2612,Mobile Phones
678,motorola moto g6 indigo 5.7 32gb 4g unlocked sim free,6,47,Moto G6 32GB,2612,Mobile Phones
679,motorola moto g6 indigo 5.7 32gb 4g unlocked sim free,15,47,Moto G6 32GB,2612,Mobile Phones
680,motorola moto g6 5.7 inch android 8.0 oreo uk sim free smartphone with 3gb ram and 32gb storage single sim deep indigo,3,47,Moto G6 32GB,2612,Mobile Phones
681,motorola moto g6 uk sim free smartphone,30,47,Moto G6 32GB,2612,Mobile Phones
682,motorola mobile phone in indigo,31,47,Moto G6 32GB,2612,Mobile Phones
683,motorola moto g 5.7 single sim 4g 3gb 32gb 3000mah indigo,14,47,Moto G6 32GB,2612,Mobile Phones
684,motorola moto g6 silver 5.7 32gb hd 4g unlocked sim free,4,47,Moto G6 32GB,2612,Mobile Phones
685,sim free motorola moto g6 32gb mobile phone deep indigo,22,47,Moto G6 32GB,2612,Mobile Phones
686,moto g6,21,47,Moto G6 32GB,2612,Mobile Phones
687,doro 6030 easy to use camera phone with large display graphite/white,17,48,Doro PhoneEasy 6030,2612,Mobile Phones
688,doro mobile phone in grey,31,48,Doro PhoneEasy 6030,2612,Mobile Phones
689,doro phoneeasy 6030 6.1 cm 2.4 320 x 240 pixels microsd transf,18,48,Doro PhoneEasy 6030,2612,Mobile Phones
690,doro 6030 handy wei,13,48,Doro PhoneEasy 6030,2612,Mobile Phones
691,doro 6030 graphite/white 2g unlocked sim free,6,48,Doro PhoneEasy 6030,2612,Mobile Phones
692,doro 6030 graphite/white 2g unlocked sim free,5,48,Doro PhoneEasy 6030,2612,Mobile Phones
693,doro phoneeasy 6030 2.4 94g grey white entry level phone,14,48,Doro PhoneEasy 6030,2612,Mobile Phones
694,doro 6030 easy to use camera phone with large display graphite/white,3,48,Doro PhoneEasy 6030,2612,Mobile Phones
695,doro 6030 graphite/white 2g unlocked sim free,15,48,Doro PhoneEasy 6030,2612,Mobile Phones
696,sim free doro 6030 flip mobile phone silver grey,22,48,Doro PhoneEasy 6030,2612,Mobile Phones
697,doro 6030,21,48,Doro PhoneEasy 6030,2612,Mobile Phones
698,lg k10 2017 sim free smartphone black,17,49,LG K10 M250N,2612,Mobile Phones
699,lg k10 2017 sim free smartphone black,3,49,LG K10 M250N,2612,Mobile Phones
700,lg k10 m250n 2017 5.3 4g 2gb 16gb 2800mah black,11,49,LG K10 M250N,2612,Mobile Phones
701,lg mobile mobile phone in black,31,49,LG K10 M250N,2612,Mobile Phones
702,lg k10 16gb smartphone black,4,49,LG K10 M250N,2612,Mobile Phones
703,lg mobile k10 2017 smartphone 13 46 cm 5 2,2,49,LG K10 M250N,2612,Mobile Phones
704,lg k10 2017 black 5.3 16gb 4g unlocked sim free,5,49,LG K10 M250N,2612,Mobile Phones
705,lg k10 2017 m250n 13.5 cm 5.3 16 gb 13 mp android 7.0 black,18,49,LG K10 M250N,2612,Mobile Phones
706,lg k10 2017 m250n 5.3 single sim 4g 2gb 16gb 2800mah black,14,49,LG K10 M250N,2612,Mobile Phones
707,cat s41 dual sim schwarz,2,50,CAT S41 Dual SIM,2612,Mobile Phones
708,cat s41 dual sim 32gb black,24,50,CAT S41 Dual SIM,2612,Mobile Phones
709,cat s41 5 dual sim 4g 3gb 32gb 5000mah black,11,50,CAT S41 Dual SIM,2612,Mobile Phones
710,grade a cat s41 black 5 32gb 4g unlocked sim free,5,50,CAT S41 Dual SIM,2612,Mobile Phones
711,grade a cat s41 black 5 32gb 4g unlocked sim free,6,50,CAT S41 Dual SIM,2612,Mobile Phones
712,cat s41 5 dual sim 4g 3gb 32gb 5000mah black,14,50,CAT S41 Dual SIM,2612,Mobile Phones
713,cat s41 rugged dual sim smartphone 4g 32gb 5 screen 1920 x 1,4,50,CAT S41 Dual SIM,2612,Mobile Phones
714,caterpillar cat s41 dual sim uk android smartphone black,3,50,CAT S41 Dual SIM,2612,Mobile Phones
715,cat s41 12.7 cm 5 32 gb 13 mp android 7 black,18,50,CAT S41 Dual SIM,2612,Mobile Phones
716,cat s41 unlocked,17,50,CAT S41 Dual SIM,2612,Mobile Phones
717,cat s41,21,50,CAT S41 Dual SIM,2612,Mobile Phones
718,samsung galaxy xcover 4 16gb black,24,51,Samsung Galaxy Xcover 4 SM-G390F,2612,Mobile Phones
719,samsung g390f galaxy xcover 4 black unlocked,3,51,Samsung Galaxy Xcover 4 SM-G390F,2612,Mobile Phones
720,samsung xcover 4 black/grey 5 16gb 4g unlocked sim free,5,51,Samsung Galaxy Xcover 4 SM-G390F,2612,Mobile Phones
721,samsung xcover 4 black/grey 5 16gb 4g unlocked sim free,15,51,Samsung Galaxy Xcover 4 SM-G390F,2612,Mobile Phones
722,samsung galaxy xcover 4 sm g390f smartphone 4g lte 16 gb,8,51,Samsung Galaxy Xcover 4 SM-G390F,2612,Mobile Phones
723,samsung mobile galaxy xcover mobile phone in dark silver,31,51,Samsung Galaxy Xcover 4 SM-G390F,2612,Mobile Phones
724,samsung galaxy xcover 4 sm g390f 4.99 single sim 4g 2gb 16gb,14,51,Samsung Galaxy Xcover 4 SM-G390F,2612,Mobile Phones
725,samsung g390f galaxy xcover 4 black handy,13,51,Samsung Galaxy Xcover 4 SM-G390F,2612,Mobile Phones
726,samsung galaxy j3 2017 uk sim free smartphone gold,3,52,Samsung Galaxy J3 SM-J330F Dual SIM,2612,Mobile Phones
727,samsung galaxy j3 2017 black 5 16gb 4g unlocked sim free,6,52,Samsung Galaxy J3 SM-J330F Dual SIM,2612,Mobile Phones
728,samsung galaxy j3 2017 dual sim j330f gold,2,52,Samsung Galaxy J3 SM-J330F Dual SIM,2612,Mobile Phones
729,samsung mobile mobile phone in black,31,52,Samsung Galaxy J3 SM-J330F Dual SIM,2612,Mobile Phones
730,samsung galaxy j3 2017 uk sim free smartphone gold,17,52,Samsung Galaxy J3 SM-J330F Dual SIM,2612,Mobile Phones
731,samsung galaxy j3 2017 gold 5 16gb 4g unlocked sim free,5,52,Samsung Galaxy J3 SM-J330F Dual SIM,2612,Mobile Phones
732,samsung galaxy j3 2017 sm j330f 5 4g 2gb 16gb 2400mah gold,14,52,Samsung Galaxy J3 SM-J330F Dual SIM,2612,Mobile Phones
733,sim free samsung j3 2017 16gb mobile phone gold,22,52,Samsung Galaxy J3 SM-J330F Dual SIM,2612,Mobile Phones
734,lg g6 32gb astro black,24,53,LG G6 32GB,2612,Mobile Phones
735,lg g6 32 gb schwarz,2,53,LG G6 32GB,2612,Mobile Phones
736,lg lgh870.aitcbk h870 g6 32 gb uk sim free smartphone astro black,3,53,LG G6 32GB,2612,Mobile Phones
737,lg g6 smartphone,30,53,LG G6 32GB,2612,Mobile Phones
738,g6 5.7in 32gb black android 7.00 in,4,53,LG G6 32GB,2612,Mobile Phones
739,lg g6 5.7 4gb ram 32gb 13mp sim free android smartphone red,8,53,LG G6 32GB,2612,Mobile Phones
740,lg mobile g6smartphone 14.5 cm 5.7inch qhd plus full vision screen 32 gb storage android 7.0 black,17,53,LG G6 32GB,2612,Mobile Phones
741,5.7 quad hd 1440x2880 18 9 564 ppi qualcomm snapdragon 821 2,18,53,LG G6 32GB,2612,Mobile Phones
742,lg g7 thinq 64gb aurora black,24,54,LG G7 ThinQ,2612,Mobile Phones
743,lg g7 thinq lmg710em 6.1 4g 4gb 64gb 3000mah black,11,54,LG G7 ThinQ,2612,Mobile Phones
744,lg g7 thinq,21,54,LG G7 ThinQ,2612,Mobile Phones
745,sim free lg g7 thinq 64gb mobile phone black,22,54,LG G7 ThinQ,2612,Mobile Phones
746,doro 8035 black/blue 5 16gb 4g unlocked sim free,5,55,Doro 8035,2612,Mobile Phones
747,doro 8035 black/blue 5 16gb 4g unlocked sim free,6,55,Doro 8035,2612,Mobile Phones
748,doro 8035 uk sim free smartphone blue,17,55,Doro 8035,2612,Mobile Phones
749,doro 8035 black/blue 5 16gb 4g unlocked sim free,15,55,Doro 8035,2612,Mobile Phones
750,doro 8035 uk sim free smartphone blue,3,55,Doro 8035,2612,Mobile Phones
751,doro 8035,2,55,Doro 8035,2612,Mobile Phones
752,doro 8035 dark blue,4,55,Doro 8035,2612,Mobile Phones
753,doro mobile phone in blue,31,55,Doro 8035,2612,Mobile Phones
754,sim free doro 8035 mobile phone blue,22,55,Doro 8035,2612,Mobile Phones
755,doro 8035,21,55,Doro 8035,2612,Mobile Phones
756,sony xperia xz2 64gb liquid black,24,56,Sony Xperia XZ2,2612,Mobile Phones
757,sony xperia xz2 5.7 4g 64gb 3180mah blue,11,56,Sony Xperia XZ2,2612,Mobile Phones
758,sony mobile xperia xz2 series mobile phone in deep green blue,31,56,Sony Xperia XZ2,2612,Mobile Phones
759,sony xperia xz2,21,56,Sony Xperia XZ2,2612,Mobile Phones
760,sim free sony xperia xz2 64gb mobile phone liquid silver,22,56,Sony Xperia XZ2,2612,Mobile Phones
761,cat s60 32gb black,24,57,CAT S60 Dual SIM,2612,Mobile Phones
762,cat s60 dual sim black silver,2,57,CAT S60 Dual SIM,2612,Mobile Phones
763,cat s60 11.9 cm 4.7 1280 x 720 pixels flat 16 9 1.5 ghz qual,18,57,CAT S60 Dual SIM,2612,Mobile Phones
764,cat s60 thermal imaging rugged smartphone black 4.7 32gb 4g unlocked sim free,5,57,CAT S60 Dual SIM,2612,Mobile Phones
765,cat s60 thermal imaging rugged smartphone black 4.7 32gb 4g unlocked sim free,6,57,CAT S60 Dual SIM,2612,Mobile Phones
766,cat s60 thermal imaging rugged smartphone black 4.7 32gb 4g unlocked sim free,15,57,CAT S60 Dual SIM,2612,Mobile Phones
767,cat s60 4.7 dual sim 4g 3gb 32gb 3800mah black silver,11,57,CAT S60 Dual SIM,2612,Mobile Phones
768,cat s60 thermal imaging rugged 32gb smartphone,4,57,CAT S60 Dual SIM,2612,Mobile Phones
769,cat s60 4.7 dual sim 4g 3gb 32gb 3800mah black silver,14,57,CAT S60 Dual SIM,2612,Mobile Phones
770,cat 77333s60outdoor 11.9cm 4.7inches smartphone thermal imaging camera dual sim 13 megapixels 32 gb memory 3gb ram android marshmallow black,3,57,CAT S60 Dual SIM,2612,Mobile Phones
771,cat s60,21,57,CAT S60 Dual SIM,2612,Mobile Phones
772,nokia 3310 uk sim free feature phone glossy yellow,17,58,Nokia 3310 3G (2017),2612,Mobile Phones
773,nokia 3310 mobile phone in azure,31,58,Nokia 3310 3G (2017),2612,Mobile Phones
774,nokia 3310 3g sim free feature phone yellow,3,58,Nokia 3310 3G (2017),2612,Mobile Phones
775,sim free nokia 3310 mobile phone blue,22,58,Nokia 3310 3G (2017),2612,Mobile Phones
776,nokia 3310 3g azure blue 2.4 128mb 3g unlocked sim free,5,58,Nokia 3310 3G (2017),2612,Mobile Phones
777,nokia 3310 3g warm red,8,58,Nokia 3310 3G (2017),2612,Mobile Phones
778,nokia 3310 3g azure blue 2.4 128mb 3g unlocked sim free,6,58,Nokia 3310 3G (2017),2612,Mobile Phones
779,nokia 3310 2.4 grey,14,58,Nokia 3310 3G (2017),2612,Mobile Phones
780,nokia nokia 3310 3g charcoal a00028687 ad01,26,58,Nokia 3310 3G (2017),2612,Mobile Phones
781,sony xperia l2,35,59,Sony Xperia L2,2612,Mobile Phones
782,sony xperia l2 pink,2,59,Sony Xperia L2,2612,Mobile Phones
783,sony xperia l2 32gb black,24,59,Sony Xperia L2,2612,Mobile Phones
784,sony xperia l2 5.5 4g 3gb 32gb 3300mah black,11,59,Sony Xperia L2,2612,Mobile Phones
785,sony xperia l2 32gb mobile phone pink,22,59,Sony Xperia L2,2612,Mobile Phones
786,sony xperia l2,21,59,Sony Xperia L2,2612,Mobile Phones
787,new apple iphone xs 64gb space grey sim free,3,60,Apple iPhone XS 64GB,2612,Mobile Phones
788,apple iphone xs 64gb space grey,1,60,Apple iPhone XS 64GB,2612,Mobile Phones
789,apple iphone xs 64gb gold,29,60,Apple iPhone XS 64GB,2612,Mobile Phones
790,apple iphone xs 64gb gold,2,60,Apple iPhone XS 64GB,2612,Mobile Phones
791,iphone xs space grey 5.8 64gb 4g unlocked sim free,5,60,Apple iPhone XS 64GB,2612,Mobile Phones
792,iphone xs gold 5.8 64gb 4g unlocked sim free,6,60,Apple iPhone XS 64GB,2612,Mobile Phones
793,iphone xs silver 5.8 64gb 4g unlocked sim free,15,60,Apple iPhone XS 64GB,2612,Mobile Phones
794,iphone xs space grey 5.8 64gb 4g unlocked sim free,4,60,Apple iPhone XS 64GB,2612,Mobile Phones
795,apple iphone xs 64 gb gold,7,60,Apple iPhone XS 64GB,2612,Mobile Phones
796,apple iphone xs 64gb gold,9,60,Apple iPhone XS 64GB,2612,Mobile Phones
797,apple iphone xs 64gb gold,8,60,Apple iPhone XS 64GB,2612,Mobile Phones
798,apple xs 64 gb silver ip68,16,60,Apple iPhone XS 64GB,2612,Mobile Phones
799,sim free iphone xs 64gb mobile phone silver,22,60,Apple iPhone XS 64GB,2612,Mobile Phones
800,grade a cat b30 black 2mp unlocked sim free 3g handset only,6,61,CAT B30 Dual SIM,2612,Mobile Phones
801,grade a cat b30 black 2mp unlocked sim free 3g handset only,5,61,CAT B30 Dual SIM,2612,Mobile Phones
802,simfree cat b30 dual sim,4,61,CAT B30 Dual SIM,2612,Mobile Phones
803,cat b30 black 2 16mb 3g unlocked sim free,15,61,CAT B30 Dual SIM,2612,Mobile Phones
804,cat b30 5.08 cm 2 176 x 220 pixels tft microsd transflash 1,18,61,CAT B30 Dual SIM,2612,Mobile Phones
805,cat b30 black,27,61,CAT B30 Dual SIM,2612,Mobile Phones
806,cat mobile phone in black,31,61,CAT B30 Dual SIM,2612,Mobile Phones
807,cat phones b30 rugged dual sim mobile phone 128mp 2 inch display 2mp camera 1000mah battery sim free dust and waterproof,17,61,CAT B30 Dual SIM,2612,Mobile Phones
808,cat b30 dual sim black,2,61,CAT B30 Dual SIM,2612,Mobile Phones
809,cat b30 dual sim black,24,61,CAT B30 Dual SIM,2612,Mobile Phones
810,cat phones b30 rugged dual sim mobile phone 128mp 2 inch display 2mp camera 1000mah battery sim free dust and waterproof,3,61,CAT B30 Dual SIM,2612,Mobile Phones
811,cat b30 tough phone,21,61,CAT B30 Dual SIM,2612,Mobile Phones
812,huawei p smart mobile phone in black,31,62,Huawei P Smart 32GB Dual SIM,2612,Mobile Phones
813,huawei p smart 32 gb uk sim free smartphone blue,17,62,Huawei P Smart 32GB Dual SIM,2612,Mobile Phones
814,huawei p smart dual sim 32gb android 8.0 uk version sim free smartphone black,3,62,Huawei P Smart 32GB Dual SIM,2612,Mobile Phones
815,huawei p smart blau,2,62,Huawei P Smart 32GB Dual SIM,2612,Mobile Phones
816,huawei p smart 32gb black,24,62,Huawei P Smart 32GB Dual SIM,2612,Mobile Phones
817,sim free huawei p smart 32gb mobile phone black,22,62,Huawei P Smart 32GB Dual SIM,2612,Mobile Phones
818,huawei p20 lite single sim 4g 64gb black blue smartphones 14.8 cm 5.84 64 gb 16 mp android 8.0 oreo emui 8.0 black blue,3,63,Huawei P20 Lite,2612,Mobile Phones
819,huawei phoneshuawei p20 lite 64gb black,1,63,Huawei P20 Lite,2612,Mobile Phones
820,huawei p20 lite 5.84 4g 4gb 64gb 3000mah black,11,63,Huawei P20 Lite,2612,Mobile Phones
821,huawei p20 lite black,4,63,Huawei P20 Lite,2612,Mobile Phones
822,huawei p20 lite,21,63,Huawei P20 Lite,2612,Mobile Phones
823,sim free huawei p20 lite 64gb mobile phone black,22,63,Huawei P20 Lite,2612,Mobile Phones
824,samsung j530fd galaxy j5 2017 duos gold unlocked,3,64,Samsung Galaxy J5 16GB SM-J530FD Dual SIM,2612,Mobile Phones
825,samsung galaxy j530 2017 2gb 16gb dual sim smartphone black,29,64,Samsung Galaxy J5 16GB SM-J530FD Dual SIM,2612,Mobile Phones
826,samsung galaxy j5 2017 duos blau,2,64,Samsung Galaxy J5 16GB SM-J530FD Dual SIM,2612,Mobile Phones
827,samsung galaxy j5 2017 gold 5.2 16gb 4g unlocked sim free,15,64,Samsung Galaxy J5 16GB SM-J530FD Dual SIM,2612,Mobile Phones
828,samsung j530fd galaxy j5 2017 duos gold unlocked,17,64,Samsung Galaxy J5 16GB SM-J530FD Dual SIM,2612,Mobile Phones
829,samsung galaxy j5 2017 black,4,64,Samsung Galaxy J5 16GB SM-J530FD Dual SIM,2612,Mobile Phones
830,samsung galaxy j5 2017 sm j530f 5.2 4g 2gb 16gb 3000mah gold,14,64,Samsung Galaxy J5 16GB SM-J530FD Dual SIM,2612,Mobile Phones
831,samsung galaxy j5 2017,8,64,Samsung Galaxy J5 16GB SM-J530FD Dual SIM,2612,Mobile Phones
832,sim free samsung galaxy j5 2017 16gb mobile phone black,22,64,Samsung Galaxy J5 16GB SM-J530FD Dual SIM,2612,Mobile Phones
833,apple iphone 8 256 gb red,2,65,Apple iPhone 8 (PRODUCT) RED Special Edition 256GB,2612,Mobile Phones
834,apple iphone 8 plus 5.5 single sim 4g 256gb red,14,65,Apple iPhone 8 (PRODUCT) RED Special Edition 256GB,2612,Mobile Phones
835,sim free iphone 8 256gb special edition mobile phone red,22,65,Apple iPhone 8 (PRODUCT) RED Special Edition 256GB,2612,Mobile Phones
836,doro 6050 champagne white 2.8 2g unlocked sim free,5,66,Doro 6050,2612,Mobile Phones
837,doro 6050 champagne white 2.8 2g unlocked sim free,6,66,Doro 6050,2612,Mobile Phones
838,doro 6050 champagne white,4,66,Doro 6050,2612,Mobile Phones
839,doro 6050 2.8 111g champagne white entry level phone,14,66,Doro 6050,2612,Mobile Phones
840,doro mobile phone in champagne,31,66,Doro 6050,2612,Mobile Phones
841,doro 6050 champagne white 2.8 2g unlocked sim free,15,66,Doro 6050,2612,Mobile Phones
842,doro 6050 easy to use 2g uk sim free mobile phone champagne/white,17,66,Doro 6050,2612,Mobile Phones
843,doro 6050 champagner wei,2,66,Doro 6050,2612,Mobile Phones
844,doro phone 6050phone case 32mb gold/white,3,66,Doro 6050,2612,Mobile Phones
845,doro 6050 graphite white,24,66,Doro 6050,2612,Mobile Phones
846,doro 6050 2.8zoll 111g graphit wei gsm 2.8 320x240 bluetooth 3.0 3mp fm radio 380428,36,66,Doro 6050,2612,Mobile Phones
847,doro 6050,21,66,Doro 6050,2612,Mobile Phones
848,nokia 216 mobile phone in blue,31,67,Nokia 216,2612,Mobile Phones
849,nokia 216 sim free feature phone blue,17,67,Nokia 216,2612,Mobile Phones
850,nokia 216 6.1 cm 2.4 240 x 320 pixels lcd microsd transflash,18,67,Nokia 216,2612,Mobile Phones
851,nokia 216 2.4 82.6g black feature phone,14,67,Nokia 216,2612,Mobile Phones
852,nokia 216 sim free feature phone grey,3,67,Nokia 216,2612,Mobile Phones
853,nokia nokia 216 grey a00028037 ad01,26,67,Nokia 216,2612,Mobile Phones
854,nokia 216,21,67,Nokia 216,2612,Mobile Phones
855,51092csa honor 9 lite blue,4,68,Huawei Honor 9 Lite 32GB Dual SIM,2612,Mobile Phones
856,huawei honor 9 lite 3gb ram 32gb rom dual sim glacier grey,29,68,Huawei Honor 9 Lite 32GB Dual SIM,2612,Mobile Phones
857,honor 9 lite saphire blue,2,68,Huawei Honor 9 Lite 32GB Dual SIM,2612,Mobile Phones
858,honor 9 mobile phone in blue,31,68,Huawei Honor 9 Lite 32GB Dual SIM,2612,Mobile Phones
859,honor 9 lite dual sim 32 gb storage 13 mp dual camera and 5.65 inch full view display uk official device blue,3,68,Huawei Honor 9 Lite 32GB Dual SIM,2612,Mobile Phones
860,honor 9 lite smartphone sapphire blue,13,68,Huawei Honor 9 Lite 32GB Dual SIM,2612,Mobile Phones
861,honor 9 lite,21,68,Huawei Honor 9 Lite 32GB Dual SIM,2612,Mobile Phones
862,sim free honor 9 lite 32 gb mobile phone blue,22,68,Huawei Honor 9 Lite 32GB Dual SIM,2612,Mobile Phones
863,huawei p20 pro single sim 4g 128gb blue smartphones 15.5 cm 6.1 128 gb 40 mp android 8.1 blue,3,69,Huawei P20 Pro,2612,Mobile Phones
864,huawei p20 pro 128 gb 6.1 inch fhd fullview android 8.1 sim free smartphone with veho headphones single sim uk version black,17,69,Huawei P20 Pro,2612,Mobile Phones
865,huawei p20 mobile phone in black,31,69,Huawei P20 Pro,2612,Mobile Phones
866,huawei p20 pro 5.84 fullhd 40mp 4gb 128gb android black,8,69,Huawei P20 Pro,2612,Mobile Phones
867,sim free huawei p20 pro 128gb mobile phone twilight,22,69,Huawei P20 Pro,2612,Mobile Phones
868,grade a apple iphone 5s silver 4 16gb 4g sim free,5,70,Apple iPhone 5S 16GB,2612,Mobile Phones
869,grade a apple iphone 5s silver 4 16gb 4g sim free,6,70,Apple iPhone 5S 16GB,2612,Mobile Phones
870,iphone 5s 16gb sim free factory unlocked silver,3,70,Apple iPhone 5S 16GB,2612,Mobile Phones
871,apple iphone 5s 16gb silver with headset usb cable eu adapter me433 eu xep01,26,70,Apple iPhone 5S 16GB,2612,Mobile Phones
872,sony xperia xz premium 64 gb 5.5 inch uk sim free smartphone black,3,71,Sony Xperia XZ Premium,2612,Mobile Phones
873,sony xperia xz premium black,2,71,Sony Xperia XZ Premium,2612,Mobile Phones
874,xperia xz premium black,4,71,Sony Xperia XZ Premium,2612,Mobile Phones
875,sony xperia xz premium smartphone black,13,71,Sony Xperia XZ Premium,2612,Mobile Phones
876,sony xperia xz premium,21,71,Sony Xperia XZ Premium,2612,Mobile Phones
877,sim free sony xperia xz premium mobile phone black,22,71,Sony Xperia XZ Premium,2612,Mobile Phones
878,lg q6 1.4ghz octa core 5.5 32gb 13mp android smartphone,8,72,LG Q6,2612,Mobile Phones
879,lg mobile mobile phone in black,31,72,LG Q6,2612,Mobile Phones
880,lg q6 sim free smartphone black,17,72,LG Q6,2612,Mobile Phones
881,lg q6 sim free smartphone black,3,72,LG Q6,2612,Mobile Phones
882,lg q6 32gb black,2,72,LG Q6,2612,Mobile Phones
883,lg q6 astro black 5.5 32gb 4g unlocked sim free,6,72,LG Q6,2612,Mobile Phones
884,lg q6 astro black,4,72,LG Q6,2612,Mobile Phones
885,lg q6,21,72,LG Q6,2612,Mobile Phones
886,sim free lg q6 mobile phone black,22,72,LG Q6,2612,Mobile Phones
887,doro 6530 with charging cradle black/white,5,73,Doro 6530,2612,Mobile Phones
888,doro 6530 easy to use 3g uk sim free mobile phone black/white,17,73,Doro 6530,2612,Mobile Phones
889,doro phoneeasy 6530 7.11 cm 2.8 320 x 240 pixels microsd trans,18,73,Doro 6530,2612,Mobile Phones
890,doro 6530 easy to use 3g uk sim free mobile phone black/white,3,73,Doro 6530,2612,Mobile Phones
891,doro phoneeasy 6530 2.8 108g black white entry level phone,14,73,Doro 6530,2612,Mobile Phones
892,doro doro 6530 mobile phone in black,31,73,Doro 6530,2612,Mobile Phones
893,doro mobile 6030 graphite/white 2.4in 16mb vga camera in 6860,26,73,Doro 6530,2612,Mobile Phones
894,doro 6530,21,73,Doro 6530,2612,Mobile Phones
895,apple mt9j2b/a iphone xs 256gb 5.8 12mp sim free smartphone in silver,3,74,Apple iPhone XS 256GB,2612,Mobile Phones
896,apple iphone xs 256gb silver,1,74,Apple iPhone XS 256GB,2612,Mobile Phones
897,apple iphone xs 256 gb gold,2,74,Apple iPhone XS 256GB,2612,Mobile Phones
898,iphone xs silver 5.8 256gb 4g unlocked sim free,5,74,Apple iPhone XS 256GB,2612,Mobile Phones
899,iphone xs silver 5.8 256gb 4g unlocked sim free,6,74,Apple iPhone XS 256GB,2612,Mobile Phones
900,iphone xs silver 6.5 256gb 4g unlocked sim free,4,74,Apple iPhone XS 256GB,2612,Mobile Phones
901,apple iphone xs 256 gb space grey,7,74,Apple iPhone XS 256GB,2612,Mobile Phones
902,iphone xs silver 5.8 256gb 4g unlocked sim free,15,74,Apple iPhone XS 256GB,2612,Mobile Phones
903,apple iphone xs 256gb silver,9,74,Apple iPhone XS 256GB,2612,Mobile Phones
904,apple iphone xs 256gb silver,8,74,Apple iPhone XS 256GB,2612,Mobile Phones
905,apple iphone xs 256gb smartphone gold,13,74,Apple iPhone XS 256GB,2612,Mobile Phones
906,apple iphone xs 14.7 cm 5.8 256 gb dual sim 4g silver,14,74,Apple iPhone XS 256GB,2612,Mobile Phones
907,sim free iphone xs 256gb mobile phone space grey,22,74,Apple iPhone XS 256GB,2612,Mobile Phones
908,samsung galaxy note 9 single sim 128 gb 6.4 inch android 8.1 oreo uk version sim free smartphone lavender purple,17,75,Samsung Galaxy Note 9 128GB,2612,Mobile Phones
909,samsung galaxy note 9 128gb smartphone black,4,75,Samsung Galaxy Note 9 128GB,2612,Mobile Phones
910,samsung galaxy note 9 128gb 6.4 ocean blue,8,75,Samsung Galaxy Note 9 128GB,2612,Mobile Phones
911,sim free samsung galaxy note 9 128gb mobile phone blue,22,75,Samsung Galaxy Note 9 128GB,2612,Mobile Phones
912,nokia 7 plus black copper,2,76,Nokia 7 Plus Dual SIM,2612,Mobile Phones
913,nokia 7 plus sim free smartphone black/copper,17,76,Nokia 7 Plus Dual SIM,2612,Mobile Phones
914,nokia 7 plus sim free smartphone black/copper,3,76,Nokia 7 Plus Dual SIM,2612,Mobile Phones
915,nokia 7 plus 6 4g 4gb 64gb 3800mah black copper,14,76,Nokia 7 Plus Dual SIM,2612,Mobile Phones
916,sim free nokia 7 plus 64gb mobile phone black/copper,22,76,Nokia 7 Plus Dual SIM,2612,Mobile Phones
917,apple iphone 8 plus 64 gb rt,3,77,Apple iPhone 8 Plus (PRODUCT) RED Special Edition 64GB,2612,Mobile Phones
918,iphone 8 plus 64gb product red special edition,22,77,Apple iPhone 8 Plus (PRODUCT) RED Special Edition 64GB,2612,Mobile Phones
919,apple mrt92b/a 5.5 iphone 8 plus 64gb product red in stock uk spec stock,23,77,Apple iPhone 8 Plus (PRODUCT) RED Special Edition 64GB,2612,Mobile Phones
920,motorola g6 play 32 gb blue,7,78,Moto G6 Play,2612,Mobile Phones
921,motorola moto g6 play 5.7 inch android 8.0 oreo sim free smartphone with 3gb ram and 32gb storage single sim fine gold,17,78,Moto G6 Play,2612,Mobile Phones
922,sim free motorola moto g6 play mobile phone gold,22,78,Moto G6 Play,2612,Mobile Phones
923,motorola moto g6 play 5.7 inch android 8.0 oreo sim free smartphone with 3gb ram and 32gb storage single sim deep indigo,3,78,Moto G6 Play,2612,Mobile Phones
924,motorola mobile phone in gold,31,78,Moto G6 Play,2612,Mobile Phones
925,motorola moto g6 play indigo 5.7 32gb 4g unlocked sim free,5,78,Moto G6 Play,2612,Mobile Phones
926,motorola moto g6 play indigo 5.7 32gb 4g unlocked sim free,6,78,Moto G6 Play,2612,Mobile Phones
927,motorola moto g6 play indigo 5.7 32gb 4g unlocked sim free,15,78,Moto G6 Play,2612,Mobile Phones
928,moto g6 play,21,78,Moto G6 Play,2612,Mobile Phones
929,nokia 3 uk sim free smartphone white,17,79,Nokia 3,2612,Mobile Phones
930,nokia 3 white 5 4g 16gb 8mp camera android smartphone,8,79,Nokia 3,2612,Mobile Phones
931,nokia 3 5 4g 2gb 16gb 2630mah white,14,79,Nokia 3,2612,Mobile Phones
932,nokia 3 uk sim free smartphone white,3,79,Nokia 3,2612,Mobile Phones
933,nokia 3 matte black 5 16gb 4g unlocked sim free,5,79,Nokia 3,2612,Mobile Phones
934,nokia 3 mobile phone in white,31,79,Nokia 3,2612,Mobile Phones
935,nokia 3 matte black 5 16gb 4g unlocked sim free,15,79,Nokia 3,2612,Mobile Phones
936,nokia 3 black,4,79,Nokia 3,2612,Mobile Phones
937,12.7 cm 5 1280 x 720 ips gsm/wcdma/lte mtk 6737 quad core 1.3gh,18,79,Nokia 3,2612,Mobile Phones
938,doro 8020x rugged ip67 smartphone black 4.5 8gb 4g unlocked sim free,5,80,Doro 8020X,2612,Mobile Phones
939,doro 8020x rugged 4g uk sim free smartphone black/silver,3,80,Doro 8020X,2612,Mobile Phones
940,doro 8020x rugged ip67 smartphone black 4.5 8gb 4g unlocked sim free,15,80,Doro 8020X,2612,Mobile Phones
941,doro 8020x 11.4 cm 4.5 8 gb 5 mp android 6 black grey,18,80,Doro 8020X,2612,Mobile Phones
942,doro 8020x 4g black,4,80,Doro 8020X,2612,Mobile Phones
943,doro 8020x rugged 4g uk sim free smartphone black/silver,17,80,Doro 8020X,2612,Mobile Phones
944,doro 8020x,21,80,Doro 8020X,2612,Mobile Phones
945,apple iphone xs 512 gb gold,2,81,Apple iPhone XS 512GB,2612,Mobile Phones
946,iphone xs space grey 5.8 512gb 4g unlocked sim free,4,81,Apple iPhone XS 512GB,2612,Mobile Phones
947,apple iphone xs 512 gb gold,7,81,Apple iPhone XS 512GB,2612,Mobile Phones
948,apple iphone xs 512gb space grey,8,81,Apple iPhone XS 512GB,2612,Mobile Phones
949,apple iphone xs 512gb smartphone gold,13,81,Apple iPhone XS 512GB,2612,Mobile Phones
950,apple iphone xs 512gb gold unlocked,3,81,Apple iPhone XS 512GB,2612,Mobile Phones
951,sim free iphone xs 512gb mobile phone silver,22,81,Apple iPhone XS 512GB,2612,Mobile Phones
952,apple mt512b/a iphone xs max 64gb 6.5 12mp sim free smartphone in silver,3,82,Apple iPhone XS Max 256GB,2612,Mobile Phones
953,apple iphone xs max 256gb silver,1,82,Apple iPhone XS Max 256GB,2612,Mobile Phones
954,apple iphone xs max 256 gb silver,2,82,Apple iPhone XS Max 256GB,2612,Mobile Phones
955,iphone xs max gold 6.5 256gb 4g unlocked sim free,5,82,Apple iPhone XS Max 256GB,2612,Mobile Phones
956,iphone xs max gold 6.5 256gb 4g unlocked sim free,6,82,Apple iPhone XS Max 256GB,2612,Mobile Phones
957,iphone xs max silver 6.5 256gb 4g unlocked sim free,15,82,Apple iPhone XS Max 256GB,2612,Mobile Phones
958,iphone xs max gold 6.5 256gb 4g unlocked sim free,4,82,Apple iPhone XS Max 256GB,2612,Mobile Phones
959,apple iphone xs max 256 gb gold,7,82,Apple iPhone XS Max 256GB,2612,Mobile Phones
960,apple iphone xs max 256gb gold,9,82,Apple iPhone XS Max 256GB,2612,Mobile Phones
961,apple iphone xs max 256gb silver,8,82,Apple iPhone XS Max 256GB,2612,Mobile Phones
962,apple iphone xs max 16.5 cm 6.5 256 gb dual sim 4g silver,14,82,Apple iPhone XS Max 256GB,2612,Mobile Phones
963,sim free iphone xs max 256gb mobile phone silver,22,82,Apple iPhone XS Max 256GB,2612,Mobile Phones
964,samsung a600f galaxy a6 2018 black,2,83,Samsung Galaxy A6 32GB,2612,Mobile Phones
965,samsung galaxy a6 smartphone 14 25 cm 5 6 zoll amoled display 32gb interner speicher und 3gb ram dual sim android 8.0 schwarz german version,3,83,Samsung Galaxy A6 32GB,2612,Mobile Phones
966,sim free samsung galaxy a6 32gb mobile phone black,22,83,Samsung Galaxy A6 32GB,2612,Mobile Phones
967,grade c google pixel 2 just black 5 64gb 4g unlocked sim free,5,84,Google Pixel 2 64GB,2612,Mobile Phones
968,grade c google pixel 2 just black 5 64gb 4g unlocked sim free,6,84,Google Pixel 2 64GB,2612,Mobile Phones
969,google pixel 2 64gb ohne vertrag just black,2,84,Google Pixel 2 64GB,2612,Mobile Phones
970,google pixel 2 64 gb clearly white,7,84,Google Pixel 2 64GB,2612,Mobile Phones
971,google pixel 2 64gb 4gb unlocked smartphone just black,29,84,Google Pixel 2 64GB,2612,Mobile Phones
972,google pixel 2 64gb clearly white,24,84,Google Pixel 2 64GB,2612,Mobile Phones
973,google pixel 2 64gb 5 12mp sim free smartphone in just black,3,84,Google Pixel 2 64GB,2612,Mobile Phones
974,google pixel 2,21,84,Google Pixel 2 64GB,2612,Mobile Phones
975,asus zenfone 4 5.5 64gb dual sim fhd smartphone white,17,85,ASUS ZenFone 4 (ZE554KL) 4GB RAM Dual SIM,2612,Mobile Phones
976,asus zenfone 4 5.5 64gb dual sim fhd smartphone white,3,85,ASUS ZenFone 4 (ZE554KL) 4GB RAM Dual SIM,2612,Mobile Phones
977,mob/asus/zenfone 4 midnight black,4,85,ASUS ZenFone 4 (ZE554KL) 4GB RAM Dual SIM,2612,Mobile Phones
978,asus zenfone 4 ze554kl 6b105ww 5.5 dual sim 4g 4gb 64gb 3300mah,14,85,ASUS ZenFone 4 (ZE554KL) 4GB RAM Dual SIM,2612,Mobile Phones
979,asus zenfone 4 ze554kl,21,85,ASUS ZenFone 4 (ZE554KL) 4GB RAM Dual SIM,2612,Mobile Phones
980,apple iphone xs max 512gb spacegrau unlocked,3,86,Apple iPhone XS Max 512GB,2612,Mobile Phones
981,apple iphone xs max 512 gb gold,2,86,Apple iPhone XS Max 512GB,2612,Mobile Phones
982,iphone xs max gold 6.5 512gb 4g unlocked sim free,5,86,Apple iPhone XS Max 512GB,2612,Mobile Phones
983,iphone xs max gold 6.5 512gb 4g unlocked sim free,6,86,Apple iPhone XS Max 512GB,2612,Mobile Phones
984,iphone xs max gold 6.5 512gb 4g unlocked sim free,15,86,Apple iPhone XS Max 512GB,2612,Mobile Phones
985,iphone xs max gold 6.5 512gb 4g unlocked sim free,4,86,Apple iPhone XS Max 512GB,2612,Mobile Phones
986,apple iphone xs max 512 gb silver,7,86,Apple iPhone XS Max 512GB,2612,Mobile Phones
987,apple iphone xs max 512gb gold,9,86,Apple iPhone XS Max 512GB,2612,Mobile Phones
988,apple iphone xs max 512gb space grey,8,86,Apple iPhone XS Max 512GB,2612,Mobile Phones
989,apple iphone xs max 16.5 cm 6.5 512 gb dual sim 4g gold,14,86,Apple iPhone XS Max 512GB,2612,Mobile Phones
990,sim free iphone xs max 512gb mobile phone silver,22,86,Apple iPhone XS Max 512GB,2612,Mobile Phones
991,xiaomi mi a2 lite 5 99 zoll smartphone global,2,87,Xiaomi Mi A2 Lite 64GB Dual SIM,2612,Mobile Phones
992,xiaomi mi a2 lite 64gb black,24,87,Xiaomi Mi A2 Lite 64GB Dual SIM,2612,Mobile Phones
993,xiaomi 19064 mi a2 lite dual sim 64gb 4gb ram black non uk official version,17,87,Xiaomi Mi A2 Lite 64GB Dual SIM,2612,Mobile Phones
994,xiaomi mi a2 lite dual sim 64gb blue eu,3,87,Xiaomi Mi A2 Lite 64GB Dual SIM,2612,Mobile Phones
995,xiaomi mi a2 lite 14.8 cm 5.84 4 gb 64 gb dual sim 4g black,14,87,Xiaomi Mi A2 Lite 64GB Dual SIM,2612,Mobile Phones
996,samsung galaxy j6 2018 32 gb uk sim free smartphone lavender uk version,3,88,Samsung Galaxy J6,2612,Mobile Phones
997,samsung galaxy j6 j600f gold android 8.0 32gb smartphone,13,88,Samsung Galaxy J6,2612,Mobile Phones
998,samsung galaxy j6 lavender 5.6 32gb 4g unlocked sim free,5,88,Samsung Galaxy J6,2612,Mobile Phones
999,samsung galaxy j6 sm j600fn 5.6 single sim 4g 3gb 32gb 3000mah lavender,11,88,Samsung Galaxy J6,2612,Mobile Phones
1000,samsung galaxy j6 lavender 5.6 32gb 4g unlocked sim free,6,88,Samsung Galaxy J6,2612,Mobile Phones